Time,Joint_angle,chamber_1_pressure_bar,chamber_2_pressure_bar
18:01:23,0,0,0.017
18:01:23,0,0,0.017
18:01:23,0,0,0.017
18:01:23,0,0,0.017
18:01:23,0,0,0.017
18:01:23,0,0,0.017
18:01:24,0,0,0.017
18:01:24,0,0,0.017
18:01:24,0,0,0.017
18:01:24,0,0,0.017
18:01:24,0,0,0.017
18:01:24,0,0,0.017
18:01:24,0,0,0.017
18:01:24,0,0,0.017
18:01:24,0,0,0.017
18:01:24,0,0,0.017
18:01:25,0,0,0.017
18:01:25,0,0,0.017
18:01:25,0,0,0.017
18:01:25,0,0,0.017
18:01:25,0,0,0.017
18:01:25,0,0,0.017
18:01:25,0,0,0.017
18:01:25,0,0,0.017
18:01:25,0,0,0.017
18:01:25,0,0,0.017
18:01:26,0,0,0.017
18:01:26,0,0,0.017
18:01:26,0,0,0.017
18:01:26,0,0,0.017
18:01:26,0,0,0.017
18:01:26,0,0,0.017
18:01:26,0,0,0.017
18:01:26,0,0,0.017
18:01:26,0,0,0.017
18:01:27,0,0,0.017
18:01:27,0,0,0.017
18:01:27,0,0,0.017
18:01:27,0,0,0.017
18:01:27,0,0,0.017
18:01:27,0,0,0.017
18:01:27,0,0,0.017
18:01:27,0,0,0.017
18:01:27,0,0,0.017
18:01:27,0,0,0.017
18:01:28,0,0,0.017
18:01:28,0,0,0.017
18:01:28,0,0,0.017
18:01:28,0,0,0.017
18:01:28,0,0,0.017
18:01:28,0,0.126,0.126
18:01:28,0.201,0.315,0.315
18:01:28,0.28,0.335,0.295
18:01:28,0.546,0.335,0.275
18:01:28,0.528,0.345,0.305
18:01:29,0.518,0.325,0.295
18:01:29,0.685,0.225,0.265
18:01:29,0.555,0.265,0.245
18:01:29,0.706,0.305,0.275
18:01:29,0.621,0.275,0.305
18:01:29,0.745,0.295,0.275
18:01:29,0.415,0.245,0.265
18:01:29,0.63,0.315,0.245
18:01:29,0.52,0.255,0.265
18:01:29,0.516,0.285,0.315
18:01:30,0.687,0.295,0.285
18:01:30,0.555,0.305,0.295
18:01:30,0.31,0.275,0.305
18:01:30,0.401,0.305,0.285
18:01:30,0.45,0.275,0.305
18:01:30,0.646,0.315,0.295
18:01:30,0.759,0.305,0.295
18:01:30,0.822,0.285,0.315
18:01:30,0.63,0.335,0.305
18:01:31,0.751,0.315,0.295
18:01:31,0.817,0.295,0.315
18:01:31,0.853,0.355,0.315
18:01:31,0.873,0.325,0.315
18:01:31,0.885,0.295,0.305
18:01:31,0.891,0.295,0.285
18:01:31,0.895,0.285,0.325
18:01:31,0.897,0.305,0.315
18:01:31,0.732,0.315,0.285
18:01:31,0.807,0.325,0.295
18:01:32,0.848,0.305,0.305
18:01:32,0.871,0.335,0.285
18:01:32,0.883,0.285,0.335
18:01:32,0.891,0.345,0.305
18:01:32,0.895,0.285,0.285
18:01:32,0.897,0.295,0.335
18:01:32,0.898,0.295,0.305
18:01:32,0.899,0.295,0.285
18:01:32,0.899,0.285,0.315
18:01:32,0.9,0.364,0.305
18:01:33,0.9,0.335,0.315
18:01:33,0.9,0.285,0.315
18:01:33,0.9,0.295,0.315
18:01:33,0.9,0.285,0.295
18:01:33,0.9,0.335,0.345
18:01:33,0.9,0.295,0.315
18:01:33,0.9,0.285,0.295
18:01:33,0.9,0.295,0.305
18:01:33,0.674,0.285,0.325
18:01:34,0.547,0.315,0.315
18:01:34,0.703,0.305,0.315
18:01:34,0.789,0.285,0.295
18:01:34,0.838,0.275,0.305
18:01:34,0.865,0.305,0.295
18:01:34,0.88,0.364,0.315
18:01:34,0.718,0.305,0.305
18:01:34,0.797,0.355,0.295
18:01:34,0.842,0.295,0.305
18:01:34,0.867,0.335,0.295
18:01:35,0.656,0.364,0.315
18:01:35,0.539,0.315,0.325
18:01:35,0.301,0.305,0.345
18:01:35,0.393,0.315,0.305
18:01:35,0.612,0.305,0.325
18:01:35,0.738,0.355,0.315
18:01:35,0.81,0.335,0.315
18:01:35,0.62,0.305,0.355
18:01:35,0.741,0.345,0.305
18:01:35,0.811,0.305,0.325
18:01:36,0.85,0.364,0.315
18:01:36,0.872,0.295,0.315
18:01:36,0.884,0.325,0.295
18:01:36,0.891,0.295,0.345
18:01:36,0.669,0.345,0.315
18:01:36,0.77,0.335,0.295
18:01:36,0.658,0.364,0.315
18:01:36,0.763,0.335,0.295
18:01:36,0.824,0.325,0.305
18:01:37,0.457,0.335,0.325
18:01:37,0.654,0.315,0.335
18:01:37,0.761,0.325,0.295
18:01:37,0.823,0.345,0.315
18:01:37,0.857,0.305,0.335
18:01:37,0.876,0.305,0.295
18:01:37,0.489,0.305,0.315
18:01:37,0.442,0.305,0.295
18:01:37,0.644,0.325,0.315
18:01:37,0.756,0.295,0.315
18:01:38,0.819,0.295,0.295
18:01:38,0.684,0.285,0.305
18:01:38,0.382,0.335,0.335
18:01:38,0.383,0.295,0.315
18:01:38,0.611,0.295,0.295
18:01:38,0.569,0.315,0.305
18:01:38,0.492,0.315,0.335
18:01:38,0.672,0.295,0.295
18:01:38,0.607,0.305,0.325
18:01:39,0.737,0.335,0.285
18:01:39,0.638,0.305,0.295
18:01:39,0.528,0.295,0.325
18:01:39,0.519,0.325,0.335
18:01:39,0.687,0.295,0.285
18:01:39,0.779,0.315,0.325
18:01:39,0.831,0.285,0.315
18:01:39,0.862,0.345,0.335
18:01:39,0.878,0.305,0.295
18:01:39,0.888,0.285,0.285
18:01:40,0.893,0.335,0.305
18:01:40,0.896,0.285,0.305
18:01:40,0.898,0.305,0.315
18:01:40,0.899,0.285,0.305
18:01:40,0.899,0.364,0.335
18:01:40,0.513,0.305,0.315
18:01:40,0.68,0.295,0.305
18:01:40,0.777,0.305,0.315
18:01:40,0.83,0.315,0.295
18:01:40,0.631,0.325,0.295
18:01:41,0.748,0.335,0.315
18:01:41,0.814,0.295,0.285
18:01:41,0.622,0.325,0.335
18:01:41,0.519,0.285,0.305
18:01:41,0.293,0.305,0.325
18:01:41,0.555,0.364,0.305
18:01:41,0.709,0.295,0.305
18:01:41,0.791,0.295,0.285
18:01:41,0.838,0.295,0.335
18:01:42,0.865,0.285,0.295
18:01:42,0.709,0.335,0.315
18:01:42,0.4,0.345,0.305
18:01:42,0.616,0.285,0.325
18:01:42,0.575,0.295,0.305
18:01:42,0.718,0.345,0.295
18:01:42,0.797,0.305,0.315
18:01:42,0.842,0.335,0.315
18:01:42,0.641,0.295,0.325
18:01:42,0.527,0.335,0.315
18:01:43,0.69,0.315,0.285
18:01:43,0.781,0.325,0.335
18:01:43,0.832,0.305,0.305
18:01:43,0.861,0.305,0.325
18:01:43,0.878,0.295,0.315
18:01:43,0.888,0.325,0.295
18:01:43,0.893,0.325,0.285
18:01:43,0.722,0.295,0.295
18:01:43,0.801,0.315,0.295
18:01:43,0.614,0.345,0.285
18:01:44,0.738,0.295,0.325
18:01:44,0.407,0.285,0.295
18:01:44,0.399,0.285,0.285
18:01:44,0.616,0.325,0.325
18:01:44,0.349,0.315,0.315
18:01:44,0.593,0.325,0.325
18:01:44,0.504,0.295,0.285
18:01:44,0.675,0.345,0.335
18:01:44,0.773,0.295,0.305
18:01:45,0.6,0.315,0.315
18:01:45,0.504,0.345,0.335
18:01:45,0.512,0.325,0.295
18:01:45,0.683,0.374,0.325
18:01:45,0.386,0.305,0.295
18:01:45,0.215,0.315,0.315
18:01:45,0.284,0.305,0.305
18:01:45,0.556,0.325,0.315
18:01:45,0.48,0.364,0.335
18:01:45,0.661,0.295,0.305
18:01:46,0.369,0.315,0.335
18:01:46,0.371,0.285,0.295
18:01:46,0.207,0.335,0.325
18:01:46,0.117,0.295,0.295
18:01:46,0.463,0.295,0.305
18:01:46,0.653,0.335,0.285
18:01:46,0.762,0.285,0.295
18:01:46,0.658,0.295,0.285
18:01:46,0.538,0.295,0.325
18:01:47,0.699,0.355,0.305
18:01:47,0.622,0.325,0.335
18:01:47,0.742,0.325,0.305
18:01:47,0.811,0.315,0.305
18:01:47,0.85,0.295,0.315
18:01:47,0.871,0.335,0.285
18:01:47,0.654,0.295,0.335
18:01:47,0.763,0.355,0.285
18:01:47,0.423,0.345,0.305
18:01:47,0.466,0.305,0.305
18:01:48,0.263,0.285,0.335
18:01:48,0.373,0.305,0.335
18:01:48,0.601,0.305,0.305
18:01:48,0.731,0.364,0.285
18:01:48,0.634,0.335,0.295
18:01:48,0.75,0.315,0.275
18:01:48,0.418,0.335,0.305
18:01:48,0.466,0.305,0.295
18:01:48,0.429,0.364,0.285
18:01:48,0.238,0.335,0.295
18:01:49,0.305,0.305,0.305
18:01:49,0.173,0.295,0.305
18:01:49,0.324,0.335,0.285
18:01:49,0.181,0.335,0.305
18:01:49,0.33,0.315,0.305
18:01:49,0.41,0.285,0.335
18:01:49,0.461,0.325,0.305
18:01:49,0.257,0.295,0.335
18:01:49,0.372,0.305,0.315
18:01:50,0.375,0.295,0.315
18:01:50,0.439,0.335,0.315
18:01:50,0.638,0.305,0.315
18:01:50,0.588,0.335,0.295
18:01:50,0.556,0.285,0.315
18:01:50,0.708,0.325,0.325
18:01:50,0.622,0.335,0.285
18:01:50,0.745,0.335,0.305
18:01:50,0.586,0.325,0.285
18:01:50,0.333,0.315,0.335
18:01:51,0.578,0.315,0.285
18:01:51,0.489,0.325,0.275
18:01:51,0.499,0.305,0.305
18:01:51,0.673,0.295,0.295
18:01:51,0.608,0.335,0.325
18:01:51,0.511,0.305,0.325
18:01:51,0.514,0.325,0.295
18:01:51,0.681,0.295,0.285
18:01:51,0.776,0.335,0.325
18:01:51,0.831,0.295,0.285
18:01:52,0.697,0.364,0.345
18:01:52,0.391,0.335,0.275
18:01:52,0.386,0.384,0.206
18:01:52,0.438,0.424,0.166
18:01:52,0.639,0.454,0.156
18:01:52,0.75,0.454,0.077
18:01:52,0.816,0.454,0.067
18:01:52,0.852,0.474,0.067
18:01:52,5.097,0.394,0.057
18:01:53,7.555,0.384,0.067
18:01:53,8.952,0.414,0.047
18:01:53,11.465,0.355,0.067
18:01:53,12.888,0.295,0.086
18:01:53,13.705,0.255,0.047
18:01:53,14.187,0.235,0.057
18:01:53,14.458,0.245,0.067
18:01:53,14.609,0.235,0.027
18:01:53,14.695,0.255,0.067
18:01:53,14.741,0.196,0.037
18:01:54,14.021,0.156,0.047
18:01:54,12.58,0.146,0.017
18:01:54,11.766,0.216,0.057
18:01:54,11.328,0.136,0.027
18:01:54,11.075,0.126,0.027
18:01:54,10.931,0.186,0.047
18:01:54,10.847,0.106,0.027
18:01:54,10.8,0.096,0.007
18:01:54,10.774,0.106,0.017
18:01:54,10.759,0.166,0.047
18:01:55,8.364,0.077,0.027
18:01:55,6.99,0.086,0.007
18:01:55,4.394,0.086,0.037
18:01:55,2.85,0.146,0.017
18:01:55,2.019,0.206,0.017
18:01:55,1.538,0.235,0.037
18:01:55,1.266,0.196,0.007
18:01:55,3.496,0.225,0
18:01:55,6.606,0.255,0.017
18:01:55,8.367,0.265,0.007
18:01:56,9.378,0.245,0
18:01:56,9.962,0.146,0.017
18:01:56,10.3,0.126,0.017
18:01:56,10.488,0.116,0
18:01:56,10.598,0.116,0.017
18:01:56,10.658,0.166,0
18:01:56,10.693,0.077,0
18:01:56,8.905,0.156,0
18:01:56,5.467,0.086,0
18:01:56,3.463,0.096,0.017
18:01:57,2.338,0.186,0
18:01:57,1.72,0.156,0.017
18:01:57,1.371,0.265,0
18:01:57,2.966,0.275,0
18:01:57,4.569,0.265,0.007
18:01:57,7.198,0.285,0
18:01:57,8.763,0.295,0
18:01:57,9.63,0.186,0
18:01:57,10.106,0.146,0
18:01:58,10.375,0.126,0.007
18:01:58,10.53,0.116,0
18:01:58,10.619,0.116,0
18:01:58,10.671,0.096,0.007
18:01:58,10.701,0.086,0
18:01:58,10.717,0.116,0.007
18:01:58,6.533,0.146,0
18:01:58,4.114,0.116,0
18:01:58,2.744,0.096,0.007
18:01:58,1.935,0.096,0
18:01:59,1.477,0.186,0.007
18:01:59,1.231,0.225,0
18:01:59,3.516,0.265,0
18:01:59,4.877,0.285,0.007
18:01:59,7.449,0.216,0
18:01:59,8.862,0.225,0
18:01:59,9.662,0.225,0.007
18:01:59,10.124,0.146,0
18:01:59,10.386,0.116,0
18:01:59,10.536,0.106,0.007
18:02:00,10.622,0.106,0
18:02:00,10.673,0.156,0
18:02:00,10.702,0.116,0
18:02:00,8.879,0.116,0
18:02:00,5.478,0.086,0.007
18:02:00,3.512,0.096,0
18:02:00,2.399,0.096,0
18:02:00,1.76,0.225,0
18:02:00,1.391,0.255,0.007
18:02:00,1.181,0.206,0
18:02:01,3.448,0.235,0.007
18:02:01,6.578,0.265,0
18:02:01,8.351,0.285,0
18:02:01,9.369,0.265,0
18:02:01,9.957,0.156,0.007
18:02:01,10.29,0.176,0
18:02:01,10.481,0.206,0
18:02:01,10.591,0.106,0
18:02:01,10.654,0.126,0.007
18:02:01,10.69,0.116,0
18:02:02,10.711,0.156,0
18:02:02,10.723,0.106,0.007
18:02:02,6.505,0.096,0
18:02:02,4.116,0.086,0
18:02:02,2.745,0.086,0
18:02:02,1.953,0.096,0.007
18:02:02,1.504,0.225,0
18:02:02,1.246,0.255,0.007
18:02:02,1.098,0.275,0
18:02:02,1.013,0.265,0
18:02:03,3.392,0.305,0
18:02:03,6.523,0.295,0.007
18:02:03,8.32,0.235,0
18:02:03,9.358,0.225,0
18:02:03,9.946,0.176,0
18:02:03,10.291,0.146,0.007
18:02:03,10.489,0.126,0
18:02:03,10.595,0.126,0.007
18:02:03,10.657,0.116,0
18:02:03,10.691,0.096,0
18:02:04,10.711,0.116,0.007
18:02:04,10.723,0.116,0
18:02:04,10.729,0.146,0
18:02:04,6.446,0.067,0
18:02:04,3.995,0.096,0
18:02:04,2.637,0.126,0
18:02:04,1.891,0.166,0.007
18:02:04,1.456,0.146,0
18:02:04,1.219,0.176,0
18:02:05,1.082,0.265,0
18:02:05,2.812,0.255,0
18:02:05,6.216,0.275,0
18:02:05,8.2,0.225,0
18:02:05,9.314,0.285,0
18:02:05,9.926,0.166,0
18:02:05,10.272,0.136,0
18:02:05,10.471,0.126,0
18:02:05,10.588,0.196,0
18:02:05,10.654,0.096,0
18:02:06,10.691,0.166,0
18:02:06,10.711,0.116,0
18:02:06,8.915,0.106,0
18:02:06,5.473,0.106,0
18:02:06,3.524,0.086,0
18:02:06,2.405,0.086,0
18:02:06,1.745,0.166,0
18:02:06,1.374,0.206,0
18:02:06,3.557,0.245,0
18:02:06,4.9,0.285,0
18:02:07,7.407,0.295,0
18:02:07,8.869,0.225,0
18:02:07,9.689,0.216,0
18:02:07,10.14,0.136,0
18:02:07,10.395,0.126,0
18:02:07,10.542,0.106,0
18:02:07,10.628,0.106,0
18:02:07,10.675,0.156,0
18:02:07,10.702,0.077,0
18:02:07,6.4,0.067,0
18:02:08,3.969,0.106,0
18:02:08,2.622,0.146,0
18:02:08,1.866,0.096,0
18:02:08,1.439,0.166,0
18:02:08,1.209,0.206,0
18:02:08,1.077,0.245,0
18:02:08,5.317,0.275,0
18:02:08,7.696,0.285,0
18:02:08,9.002,0.275,0
18:02:08,9.742,0.166,0
18:02:09,10.17,0.126,0
18:02:09,10.412,0.116,0
18:02:09,10.554,0.116,0
18:02:09,8.127,0.106,0
18:02:09,9.273,0.096,0
18:02:09,9.902,0.096,0
18:02:09,8.461,0.096,0
18:02:09,7.652,0.106,0
18:02:09,4.752,0.146,0
18:02:10,4.87,0.146,0
18:02:10,4.963,0.235,0
18:02:10,7.497,0.275,0
18:02:10,8.879,0.206,0
18:02:10,9.677,0.136,0
18:02:10,10.129,0.116,0
18:02:10,10.389,0.116,0
18:02:10,10.542,0.106,0
18:02:10,10.628,0.086,0
18:02:10,10.677,0.116,0
18:02:11,8.317,0.146,0
18:02:11,5.155,0.077,0
18:02:11,3.328,0.086,0
18:02:11,2.293,0.086,0
18:02:11,1.699,0.156,0
18:02:11,1.348,0.196,0
18:02:11,1.152,0.255,0
18:02:11,1.04,0.206,0
18:02:11,5.296,0.295,0
18:02:12,7.701,0.245,0
18:02:12,8.996,0.265,0
18:02:12,9.766,0.206,0
18:02:12,10.193,0.146,0
18:02:12,10.425,0.126,0
18:02:12,10.563,0.106,0
18:02:12,10.638,0.106,0
18:02:12,8.884,0.106,0
18:02:12,9.674,0.096,0
18:02:12,5.851,0.126,0
18:02:13,3.709,0.126,0
18:02:13,2.512,0.216,0
18:02:13,4.211,0.255,0
18:02:13,7.014,0.275,0
18:02:13,8.601,0.265,0
18:02:13,9.512,0.166,0
18:02:13,10.039,0.126,0
18:02:13,10.343,0.116,0
18:02:13,10.513,0.176,0
18:02:13,10.612,0.086,0
18:02:14,8.28,0.116,0
18:02:14,5.041,0.086,0
18:02:14,3.224,0.166,0
18:02:14,2.226,0.116,0
18:02:14,1.644,0.186,0
18:02:14,3.713,0.216,0
18:02:14,4.309,0.265,0
18:02:14,7.13,0.206,0
18:02:14,8.68,0.206,0
18:02:14,9.583,0.196,0
18:02:15,10.094,0.136,0
18:02:15,10.376,0.116,0
18:02:15,10.535,0.106,0
18:02:15,10.622,0.176,0
18:02:15,8.864,0.096,0
18:02:15,5.47,0.096,0
18:02:15,3.507,0.146,0
18:02:15,2.396,0.196,0
18:02:15,3.551,0.245,0
18:02:15,6.614,0.275,0
18:02:16,8.372,0.216,0
18:02:16,9.381,0.176,0
18:02:16,9.976,0.136,0
18:02:16,10.311,0.116,0
18:02:16,10.494,0.106,0
18:02:16,10.598,0.086,0
18:02:16,8.11,0.106,0
18:02:16,4.946,0.086,0
18:02:16,3.17,0.096,0
18:02:16,2.167,0.206,0
18:02:17,1.611,0.176,0
18:02:17,3.806,0.235,0
18:02:17,6.848,0.196,0
18:02:17,6.133,0.186,0
18:02:17,8.154,0.245,0
18:02:17,9.296,0.216,0
18:02:17,9.911,0.136,0
18:02:17,10.271,0.116,0
18:02:17,10.472,0.106,0
18:02:18,10.589,0.096,0
18:02:18,8.845,0.096,0
18:02:18,9.658,0.096,0
18:02:18,5.842,0.096,0
18:02:18,3.72,0.126,0
18:02:18,4.895,0.166,0
18:02:18,3.154,0.245,0
18:02:18,4.667,0.196,0
18:02:18,7.331,0.265,0
18:02:18,8.794,0.235,0
18:02:19,9.623,0.166,0
18:02:19,10.098,0.126,0
18:02:19,10.373,0.116,0
18:02:19,10.532,0.106,0
18:02:19,8.073,0.096,0
18:02:19,7.435,0.096,0
18:02:19,8.843,0.116,0
18:02:19,5.432,0.196,0
18:02:19,3.5,0.235,0
18:02:19,4.199,0.275,0
18:02:20,7.007,0.275,0
18:02:20,8.598,0.235,0
18:02:20,9.51,0.176,0
18:02:20,10.049,0.176,0
18:02:20,10.351,0.106,0
18:02:20,10.522,0.106,0
18:02:20,10.617,0.086,0
18:02:20,8.283,0.126,0
18:02:20,9.36,0.116,0
18:02:20,5.754,0.106,0
18:02:21,3.67,0.126,0
18:02:21,2.454,0.235,0
18:02:21,1.787,0.235,0
18:02:21,3.907,0.245,0
18:02:21,6.905,0.265,0
18:02:21,8.551,0.206,0
18:02:21,9.483,0.156,0
18:02:21,10.018,0.136,0
18:02:21,10.327,0.126,0
18:02:21,10.502,0.116,0
18:02:22,10.604,0.106,0
18:02:22,10.663,0.126,0
18:02:22,10.695,0.116,0
18:02:22,6.366,0.146,0
18:02:22,3.967,0.096,0
18:02:22,2.65,0.116,0
18:02:22,1.882,0.096,0
18:02:22,1.451,0.196,0
18:02:22,3.717,0.235,0
18:02:23,4.289,0.275,0
18:02:23,5.3,0.216,0
18:02:23,7.687,0.235,0
18:02:23,8.997,0.216,0
18:02:23,9.761,0.216,0
18:02:23,10.178,0.176,0
18:02:23,10.418,0.116,0
18:02:23,10.555,0.106,0
18:02:23,10.635,0.106,0
18:02:23,10.68,0.136,0
18:02:24,8.319,0.116,0
18:02:24,5.133,0.086,0
18:02:24,3.275,0.096,0
18:02:24,2.255,0.106,0
18:02:24,1.66,0.196,0
18:02:24,1.327,0.225,0
18:02:24,1.138,0.275,0
18:02:24,1.034,0.216,0
18:02:24,3.404,0.265,0
18:02:24,6.622,0.285,0
18:02:25,8.441,0.305,0
18:02:25,9.449,0.206,0
18:02:25,10.015,0.176,0
18:02:25,10.335,0.136,0
18:02:25,10.512,0.136,0
18:02:25,10.612,0.116,0
18:02:25,10.667,0.106,0
18:02:25,10.698,0.166,0
18:02:25,10.715,0.126,0
18:02:26,8.216,0.146,0
18:02:26,4.983,0.077,0
18:02:26,3.191,0.086,0
18:02:26,2.178,0.086,0
18:02:26,1.617,0.196,0
18:02:26,1.309,0.235,0
18:02:26,1.13,0.186,0
18:02:26,1.032,0.206,0
18:02:26,5.2,0.235,0
18:02:26,7.613,0.255,0
18:02:27,8.955,0.245,0
18:02:27,9.738,0.255,0
18:02:27,10.177,0.136,0
18:02:27,10.425,0.126,0
18:02:27,10.562,0.106,0
18:02:27,10.64,0.106,0
18:02:27,10.683,0.126,0
18:02:27,8.279,0.077,0
18:02:27,6.941,0.086,0
18:02:27,4.366,0.086,0
18:02:28,2.834,0.096,0
18:02:28,1.985,0.206,0
18:02:28,1.519,0.245,0
18:02:28,3.757,0.196,0
18:02:28,2.539,0.225,0
18:02:28,6.163,0.255,0
18:02:28,8.171,0.295,0
18:02:28,9.281,0.275,0
18:02:28,9.902,0.166,0
18:02:28,10.259,0.136,0
18:02:29,10.465,0.176,0
18:02:29,10.581,0.116,0
18:02:29,10.648,0.106,0
18:02:29,10.687,0.096,0
18:02:29,8.323,0.077,0
18:02:29,6.966,0.086,0
18:02:29,4.361,0.106,0
18:02:29,4.693,0.096,0
18:02:29,5.567,0.166,0
18:02:30,7.771,0.225,0
18:02:30,9.036,0.146,0
18:02:30,9.767,0.106,0
18:02:30,8.373,0.106,0
18:02:30,9.381,0.116,0
18:02:30,9.964,0.106,0
18:02:30,6.1,0.096,0
18:02:30,3.884,0.106,0
18:02:30,2.602,0.216,0
18:02:30,1.855,0.245,0
18:02:31,5.67,0.255,0
18:02:31,7.894,0.245,0
18:02:31,9.142,0.196,0
18:02:31,9.848,0.136,0
18:02:31,10.238,0.116,0
18:02:31,10.459,0.096,0
18:02:31,10.578,0.096,0
18:02:31,8.219,0.096,0
18:02:31,9.293,0.086,0
18:02:31,9.909,0.116,0
18:02:32,7.838,0.086,0
18:02:32,4.88,0.086,0
18:02:32,3.184,0.096,0
18:02:32,2.203,0.146,0
18:02:32,1.631,0.206,0
18:02:32,1.308,0.245,0
18:02:32,3.52,0.275,0
18:02:32,6.688,0.216,0
18:02:32,8.478,0.245,0
18:02:32,9.47,0.245,0
18:02:33,10.014,0.146,0
18:02:33,10.323,0.126,0
18:02:33,10.5,0.116,0
18:02:33,10.602,0.116,0
18:02:33,10.66,0.106,0
18:02:33,8.307,0.156,0
18:02:33,7.543,0.086,0
18:02:33,4.628,0.166,0
18:02:33,7.252,0.096,0
18:02:33,4.464,0.206,0
18:02:34,2.945,0.225,0
18:02:34,6.389,0.255,0
18:02:34,8.298,0.196,0
18:02:34,9.346,0.176,0
18:02:34,9.957,0.146,0
18:02:34,10.302,0.196,0
18:02:34,10.488,0.106,0
18:02:34,10.598,0.096,0
18:02:34,10.658,0.116,0
18:02:35,8.885,0.077,0
18:02:35,5.481,0.116,0
18:02:35,3.514,0.096,0
18:02:35,2.4,0.086,0
18:02:35,1.746,0.156,0
18:02:35,1.372,0.245,0
18:02:35,1.165,0.225,0
18:02:35,5.276,0.255,0
18:02:35,7.604,0.275,0
18:02:35,8.98,0.216,0
18:02:36,9.751,0.166,0
18:02:36,10.184,0.136,0
18:02:36,10.422,0.126,0
18:02:36,10.557,0.116,0
18:02:36,10.637,0.106,0
18:02:36,10.681,0.126,0
18:02:36,10.706,0.077,0
18:02:36,6.925428382,0.067,0
18:02:36,6.923665556,0.086,0
18:02:36,6.92190273,0.166,0
18:02:37,6.920139905,0.216,0
18:02:37,6.918377079,0.265,0
18:02:37,6.916614253,0.305,0
18:02:37,6.914851428,0.295,0
18:02:37,6.913088602,0.315,0
18:02:37,6.911325776,0.335,0
18:02:37,10.004,0.325,0
18:02:37,12.125,0.275,0
18:02:37,13.301,0.275,0
18:02:37,13.946,0.225,0
18:02:38,14.322,0.245,0
18:02:38,14.528,0.166,0
18:02:38,15.278,0.206,0
18:02:38,15.076,0.146,0
18:02:38,14.96,0.136,0
18:02:38,14.893,0.126,0
18:02:38,13.869,0.116,0
18:02:38,13.284,0.116,0
18:02:38,12.167,0.146,0
18:02:38,11.553,0.196,0
18:02:39,11.193,0.245,0
18:02:39,10.998,0.216,0
18:02:39,12.632,0.245,0
18:02:39,13.585,0.265,0
18:02:39,14.108,0.206,0
18:02:39,14.407,0.156,0
18:02:39,14.581,0.146,0
18:02:39,14.679,0.136,0
18:02:39,13.697,0.126,0
18:02:40,14.183,0.126,0
18:02:40,12.66,0.126,0
18:02:40,11.817,0.206,0
18:02:40,11.35,0.206,0
18:02:40,11.082,0.275,0
18:02:40,12.68,0.275,0
18:02:40,13.592,0.245,0
18:02:40,14.12,0.245,0
18:02:40,14.422,0.156,0
18:02:40,14.59,0.176,0
18:02:41,14.682,0.136,0
18:02:41,13.748,0.116,0
18:02:41,12.427,0.166,0
18:02:41,12.469,0.166,0
18:02:41,11.709,0.225,0
18:02:41,12.045,0.245,0
18:02:41,11.488,0.225,0
18:02:41,12.943,0.275,0
18:02:41,13.765,0.245,0
18:02:41,14.221,0.216,0
18:02:42,14.471,0.146,0
18:02:42,14.617,0.126,0
18:02:42,14.7,0.136,0
18:02:42,12.961,0.126,0
18:02:42,12.007,0.166,0
18:02:42,11.446,0.196,0
18:02:42,11.135,0.235,0
18:02:42,12.711,0.216,0
18:02:42,13.629,0.275,0
18:02:43,14.148,0.216,0
18:02:43,14.436,0.156,0
18:02:43,14.597,0.146,0
18:02:43,13.7,0.166,0
18:02:43,13.437,0.156,0
18:02:43,14.024,0.196,0
18:02:43,14.366,0.126,0
18:02:43,12.82,0.126,0
18:02:43,11.9,0.156,0
18:02:43,11.401,0.186,0
18:02:44,11.116,0.206,0
18:02:44,11.714,0.245,0
18:02:44,13.07,0.225,0
18:02:44,13.82,0.206,0
18:02:44,14.239,0.225,0
18:02:44,14.489,0.166,0
18:02:44,14.627,0.146,0
18:02:44,14.704,0.136,0
18:02:44,14.748,0.116,0
18:02:44,13.039,0.116,0
18:02:45,12.051,0.136,0
18:02:45,11.475,0.225,0
18:02:45,11.152,0.225,0
18:02:45,11.729,0.255,0
18:02:45,13.078,0.285,0
18:02:45,13.841,0.206,0
18:02:45,14.263,0.176,0
18:02:45,14.495,0.146,0
18:02:45,14.631,0.136,0
18:02:46,14.707,0.136,0
18:02:46,12.965,0.126,0
18:02:46,11.988,0.146,0
18:02:46,12.433,0.176,0
18:02:46,13.474,0.225,0
18:02:46,13.046,0.166,0
18:02:46,13.817,0.196,0
18:02:46,14.253,0.206,0
18:02:46,14.495,0.136,0
18:02:46,12.846,0.136,0
18:02:47,11.934,0.156,0
18:02:47,11.424,0.206,0
18:02:47,11.121,0.255,0
18:02:47,12.737,0.295,0
18:02:47,13.644,0.206,0
18:02:47,14.157,0.245,0
18:02:47,14.432,0.166,0
18:02:47,14.592,0.146,0
18:02:47,14.682,0.136,0
18:02:47,14.734,0.126,0
18:02:48,14.764,0.136,0
18:02:48,13.048,0.116,0
18:02:48,12.034,0.186,0
18:02:48,11.461,0.156,0
18:02:48,11.151,0.186,0
18:02:48,10.968,0.255,0
18:02:48,10.867,0.295,0
18:02:48,11.815,0.305,0
18:02:48,13.126,0.275,0
18:02:48,13.862,0.216,0
18:02:49,14.27,0.206,0
18:02:49,14.497,0.196,0
18:02:49,14.629,0.146,0
18:02:49,14.706,0.136,0
18:02:49,12.964,0.136,0
18:02:49,12.74,0.196,0
18:02:49,11.881,0.225,0
18:02:49,11.39,0.285,0
18:02:49,12.888,0.225,0
18:02:50,13.735,0.225,0
18:02:50,14.19,0.235,0
18:02:50,14.452,0.146,0
18:02:50,14.603,0.136,0
18:02:50,14.688,0.126,0
18:02:50,14.739,0.116,0
18:02:50,13.008,0.116,0
18:02:50,12.041,0.166,0
18:02:50,11.465,0.235,0
18:02:50,11.146,0.196,0
18:02:51,10.967,0.245,0
18:02:51,11.854,0.225,0
18:02:51,13.149,0.225,0
18:02:51,13.859,0.206,0
18:02:51,14.265,0.186,0
18:02:51,14.495,0.156,0
18:02:51,14.631,0.136,0
18:02:51,14.707,0.126,0
18:02:51,13.762,0.116,0
18:02:51,13.224,0.126,0
18:02:52,12.156,0.176,0
18:02:52,11.547,0.235,0
18:02:52,11.192,0.265,0
18:02:52,11.735,0.295,0
18:02:52,13.082,0.255,0
18:02:52,13.837,0.235,0
18:02:52,14.264,0.176,0
18:02:52,14.501,0.156,0
18:02:52,14.635,0.136,0
18:02:52,13.721,0.126,0
18:02:53,13.2,0.176,0
18:02:53,12.119,0.245,0
18:02:53,11.513,0.206,0
18:02:53,12.208,0.255,0
18:02:53,13.347,0.255,0
18:02:53,13.991,0.196,0
18:02:53,14.348,0.166,0
18:02:53,14.543,0.146,0
18:02:53,14.658,0.126,0
18:02:54,13.685,0.116,0
18:02:54,13.142,0.126,0
18:02:54,12.087,0.206,0
18:02:54,11.504,0.235,0
18:02:54,11.168,0.196,0
18:02:54,12.741,0.245,0
18:02:54,12.873,0.275,0
18:02:54,13.72,0.216,0
18:02:54,14.199,0.186,0
18:02:54,14.464,0.166,0
18:02:55,14.611,0.146,0
18:02:55,14.693,0.136,0
18:02:55,13.705,0.116,0
18:02:55,12.394,0.136,0
18:02:55,11.683,0.186,0
18:02:55,11.277,0.225,0
18:02:55,11.046,0.245,0
18:02:55,11.901,0.225,0
18:02:55,13.184,0.275,0
18:02:55,13.895,0.245,0
18:02:56,14.285,0.176,0
18:02:56,14.513,0.146,0
18:02:56,14.64,0.146,0
18:02:56,13.676,0.136,0
18:02:56,12.386,0.146,0
18:02:56,11.673,0.225,0
18:02:56,11.275,0.265,0
18:02:56,11.046,0.295,0
18:02:56,12.707,0.235,0
18:02:57,13.601,0.225,0
18:02:57,14.117,0.245,0
18:02:57,14.41,0.156,0
18:02:57,14.581,0.156,0
18:02:57,14.678,0.136,0
18:02:57,14.733,0.126,0
18:02:57,14.763,0.126,0
18:02:57,13.035,0.116,0
18:02:57,12.056,0.136,0
18:02:57,11.49,0.156,0
18:02:58,11.16,0.225,0
18:02:58,10.979,0.255,0
18:02:58,10.876,0.225,0
18:02:58,12.599,0.285,0
18:02:58,13.546,0.235,0
18:02:58,14.098,0.245,0
18:02:58,14.408,0.166,0
18:02:58,14.583,0.146,0
18:02:58,14.68,0.136,0
18:02:58,13.698,0.126,0
18:02:59,12.399,0.136,0
18:02:59,11.68,0.196,0
18:02:59,11.279,0.225,0
18:02:59,12.826,0.275,0
18:02:59,11.923,0.265,0
18:02:59,13.151,0.235,0
18:02:59,13.861,0.206,0
18:02:59,14.274,0.166,0
18:02:59,14.5,0.146,0
18:02:59,14.63,0.136,0
18:03:00,13.718,0.136,0
18:03:00,14.195,0.136,0
18:03:00,12.667,0.146,0
18:03:00,11.821,0.206,0
18:03:00,11.342,0.186,0
18:03:00,11.077,0.265,0
18:03:00,10.932,0.265,0
18:03:00,11.835,0.295,0
18:03:00,13.1,0.225,0
18:03:01,13.853,0.245,0
18:03:01,14.27,0.225,0
18:03:01,14.499,0.156,0
18:03:01,14.629,0.146,0
18:03:01,14.703,0.136,0
18:03:01,14.747,0.126,0
18:03:01,13.038,0.126,0
18:03:01,12.029,0.146,0
18:03:01,11.458,0.186,0
18:03:01,11.142,0.235,0
18:03:02,10.967,0.265,0
18:03:02,12.651,0.216,0
18:03:02,13.575,0.225,0
18:03:02,14.114,0.235,0
18:03:02,14.417,0.166,0
18:03:02,14.588,0.146,0
18:03:02,14.68,0.136,0
18:03:02,13.73,0.136,0
18:03:02,12.417,0.126,0
18:03:02,11.68,0.206,0
18:03:03,11.264,0.245,0
18:03:03,11.04,0.275,0
18:03:03,10.91,0.305,0
18:03:03,12.619,0.235,0
18:03:03,13.584,0.216,0
18:03:03,14.104,0.245,0
18:03:03,14.402,0.166,0
18:03:03,14.575,0.146,0.007
18:03:03,14.674,0.136,0
18:03:03,14.731,0.126,0
18:03:04,12.966,0.126,0
18:03:04,11.989,0.166,0
18:03:04,11.448,0.186,0
18:03:04,11.145,0.196,0.007
18:03:04,10.965,0.265,0
18:03:04,10.866,0.295,0.007
18:03:04,12.594,0.235,0
18:03:04,13.571,0.275,0
18:03:04,14.112,0.216,0.007
18:03:05,14.418,0.166,0.007
18:03:05,14.587,0.156,0.007
18:03:05,14.68,0.136,0.007
18:03:05,14.734,0.136,0
18:03:05,12.981,0.126,0
18:03:05,12.749,0.186,0.007
18:03:05,11.886,0.225,0.007
18:03:05,11.393,0.235,0.007
18:03:05,11.106,0.265,0.007
18:03:05,12.74,0.225,0.007
18:03:06,13.646,0.275,0.007
18:03:06,14.154,0.216,0.007
18:03:06,14.441,0.156,0.007
18:03:06,14.6,0.136,0.007
18:03:06,13.653,0.136,0.007
18:03:06,13.121,0.166,0.007
18:03:06,12.09,0.216,0.007
18:03:06,12.534,0.275,0.007
18:03:06,13.53,0.216,0.007
18:03:06,14.093,0.216,0.007
18:03:07,14.405,0.156,0.007
18:03:07,14.581,0.136,0.007
18:03:07,13.642,0.126,0.007
18:03:07,12.395,0.136,0.007
18:03:07,11.683,0.176,0.007
18:03:07,11.269,0.225,0.007
18:03:07,11.034,0.285,0.007
18:03:07,12.688,0.225,0.007
18:03:07,13.623,0.216,0.007
18:03:08,14.141,0.255,0
18:03:08,14.426,0.166,0.007
18:03:08,14.592,0.146,0.007
18:03:08,14.683,0.136,0.007
18:03:08,14.735,0.136,0.007
18:03:08,14.017,0.126,0.007
18:03:08,12.62,0.166,0.007
18:03:08,11.788,0.196,0.007
18:03:08,11.327,0.235,0.007
18:03:08,11.072,0.216,0.007
18:03:09,12.663,0.225,0.007
18:03:09,13.609,0.235,0.007
18:03:09,14.133,0.275,0.007
18:03:09,14.427,0.166,0.007
18:03:09,14.589,0.146,0.007
18:03:09,14.681,0.136,0.007
18:03:09,14.733,0.126,0.007
18:03:09,13.03,0.126,0.007
18:03:09,12.024,0.176,0.007
18:03:09,11.456,0.186,0.007
18:03:10,11.141,0.196,0.007
18:03:10,10.968,0.275,0.007
18:03:10,11.904,0.305,0.007
18:03:10,13.149,0.285,0.007
18:03:10,13.86,0.235,0.007
18:03:10,14.274,0.176,0.007
18:03:10,14.501,0.156,0.007
18:03:10,14.634,0.146,0.007
18:03:10,14.709,0.136,0.007
18:03:10,13.763,0.126,0.007
18:03:11,13.183,0.126,0.007
18:03:11,12.133,0.136,0.007
18:03:11,11.534,0.176,0.007
18:03:11,11.195,0.245,0.007
18:03:11,10.993,0.275,0.007
18:03:11,12.665,0.295,0.007
18:03:11,13.584,0.255,0.007
18:03:11,14.119,0.235,0.007
18:03:11,14.419,0.166,0.007
18:03:12,14.584,0.156,0.007
18:03:12,14.678,0.136,0.007
18:03:12,13.729,0.126,0.007
18:03:12,12.416,0.136,0.007
18:03:12,11.68,0.225,0.007
18:03:12,11.264,0.216,0.007
18:03:12,11.04,0.265,0.007
18:03:12,11.896,0.295,0.007
18:03:12,13.172,0.225,0.007
18:03:12,13.888,0.235,0.007
18:03:13,14.281,0.186,0.007
18:03:13,14.509,0.156,0.007
18:03:13,14.635,0.136,0.007
18:03:13,14.709,0.136,0.007
18:03:13,14.003,0.136,0.007
18:03:13,12.56,0.136,0.007
18:03:13,11.761,0.186,0.007
18:03:13,11.309,0.225,0.007
18:03:13,11.058,0.285,0.007
18:03:13,12.667,0.295,0.007
18:03:14,13.605,0.225,0.007
18:03:14,14.135,0.176,0.007
18:03:14,14.428,0.166,0.007
18:03:14,14.593,0.146,0.007
18:03:14,14.683,0.136,0.007
18:03:14,13.749,0.126,0.007
18:03:14,12.418,0.176,0.007
18:03:14,11.681,0.235,0.007
18:03:14,11.267,0.206,0.007
18:03:15,11.033,0.245,0.007
18:03:15,11.941,0.295,0.007
18:03:15,13.206,0.216,0.007
18:03:15,13.907,0.255,0.007
18:03:15,14.292,0.176,0.007
18:03:15,14.517,0.156,0.007
18:03:15,14.643,0.146,0.007
18:03:15,14.714,0.136,0.007
18:03:15,14.753,0.126,0.007
18:03:15,13.029,0.126,0.007
18:03:16,12.024,0.126,0.007
18:03:16,11.472,0.166,0.007
18:03:16,11.15,0.235,0.007
18:03:16,10.969,0.275,0.007
18:03:16,10.867,0.225,0.007
18:03:16,11.798,0.235,0.007
18:03:16,13.089,0.255,0.007
18:03:16,13.841,0.235,0.007
18:03:16,14.251,0.176,0.007
18:03:16,14.489,0.156,0.007
18:03:17,14.623,0.206,0.007
18:03:17,14.7,0.136,0.007
18:03:17,14.744,0.126,0.007
18:03:17,13.037,0.126,0.007
18:03:17,12.05,0.136,0.007
18:03:17,11.474,0.186,0.007
18:03:17,11.151,0.245,0.007
18:03:17,12.765,0.265,0.007
18:03:17,13.66,0.265,0.007
18:03:18,14.165,0.206,0.007
18:03:18,14.446,0.166,0.007
18:03:18,14.599,0.136,0.007
18:03:18,14.689,0.136,0.007
18:03:18,13.752,0.126,0.007
18:03:18,12.42,0.126,0.007
18:03:18,11.682,0.196,0.007
18:03:18,11.277,0.245,0.007
18:03:18,11.04,0.216,0.007
18:03:18,10.911,0.225,0.007
18:03:19,11.823,0.255,0.007
18:03:19,13.131,0.245,0.007
18:03:19,13.849,0.196,0.007
18:03:19,14.268,0.176,0.007
18:03:19,14.503,0.156,0.007
18:03:19,14.632,0.136,0.007
18:03:19,14.705,0.136,0.007
18:03:19,13.988,0.146,0.007
18:03:19,12.562,0.186,0.007
18:03:19,11.761,0.235,0.007
18:03:20,11.309,0.275,0.007
18:03:20,12.096,0.315,0.007
18:03:20,13.292,0.265,0.007
18:03:20,13.956,0.325,0.007
18:03:20,14.32,0.315,0.007
18:03:20,16.015,0.345,0.007
18:03:20,16.946,0.335,0.007
18:03:20,17.477,0.305,0.007
18:03:20,17.787,0.305,0.007
18:03:20,17.957,0.255,0.007
18:03:21,18.054,0.245,0.007
18:03:21,18.741,0.235,0.007
18:03:21,18.989,0.206,0.007
18:03:21,19.114,0.196,0.007
18:03:21,19.202,0.186,0.007
18:03:21,18.764,0.186,0.007
18:03:21,18.509,0.255,0.007
18:03:21,17.549,0.196,0.007
18:03:21,17.821,0.225,0.007
18:03:21,17.975,0.225,0.007
18:03:22,18.067,0.265,0.007
18:03:22,18.118,0.196,0.007
18:03:22,18.146,0.235,0.007
18:03:22,18.162,0.196,0.007
18:03:22,18.171,0.196,0.007
18:03:22,18.176,0.196,0.007
18:03:22,18.179,0.196,0.007
18:03:22,18.181,0.196,0.007
18:03:22,18.182,0.186,0.007
18:03:23,18.182,0.196,0.007
18:03:23,18.182,0.225,0.007
18:03:23,18.183,0.225,0.007
18:03:23,18.183,0.176,0.007
18:03:23,18.183,0.245,0.007
18:03:23,18.183,0.186,0.007
18:03:23,18.183,0.186,0.007
18:03:23,17.562,0.225,0.007
18:03:23,17.836,0.245,0.007
18:03:23,17.985,0.225,0.007
18:03:24,18.07,0.245,0.007
18:03:24,18.12,0.196,0.007
18:03:24,18.147,0.196,0.007
18:03:24,18.163,0.206,0.007
18:03:24,18.172,0.196,0.007
18:03:24,18.177,0.206,0.007
18:03:24,18.179,0.265,0.007
18:03:24,18.181,0.186,0.007
18:03:24,18.182,0.196,0.007
18:03:24,18.182,0.196,0.007
18:03:25,18.182,0.255,0.007
18:03:25,18.183,0.176,0.007
18:03:25,18.183,0.245,0.007
18:03:25,17.562,0.196,0.007
18:03:25,16.343,0.225,0.007
18:03:25,17.133,0.265,0.007
18:03:25,17.58,0.225,0.007
18:03:25,17.839,0.265,0.007
18:03:25,17.99,0.206,0.007
18:03:26,18.075,0.255,0.007
18:03:26,18.121,0.235,0.007
18:03:26,18.148,0.225,0.007
18:03:26,18.163,0.206,0.007
18:03:26,18.172,0.255,0.007
18:03:26,18.177,0.206,0.007
18:03:26,18.179,0.225,0.007
18:03:26,18.181,0.235,0.007
18:03:26,18.182,0.235,0.007
18:03:26,18.182,0.235,0.007
18:03:27,18.182,0.225,0.007
18:03:27,18.183,0.235,0.007
18:03:27,18.183,0.235,0.007
18:03:27,18.183,0.235,0.007
18:03:27,18.183,0.206,0.007
18:03:27,18.183,0.216,0.007
18:03:27,18.183,0.255,0.007
18:03:27,18.183,0.245,0.007
18:03:27,18.183,0.206,0.007
18:03:27,18.183,0.196,0.007
18:03:28,18.183,0.255,0.007
18:03:28,18.183,0.196,0.007
18:03:28,18.183,0.196,0.007
18:03:28,18.183,0.216,0.007
18:03:28,18.183,0.245,0.007
18:03:28,18.183,0.235,0.007
18:03:28,18.183,0.235,0.007
18:03:28,18.183,0.206,0.007
18:03:28,18.183,0.206,0.007
18:03:29,18.183,0.255,0.007
18:03:29,18.183,0.196,0.007
18:03:29,18.183,0.206,0.007
18:03:29,18.183,0.216,0.007
18:03:29,18.183,0.255,0.007
18:03:29,18.183,0.206,0.007
18:03:29,18.183,0.196,0.007
18:03:29,17.363,0.216,0.007
18:03:29,17.723,0.196,0.007
18:03:29,17.926,0.225,0.007
18:03:30,18.039,0.186,0.007
18:03:30,18.102,0.206,0.007
18:03:30,18.138,0.245,0.007
18:03:30,18.158,0.206,0.007
18:03:30,18.169,0.196,0.007
18:03:30,18.175,0.255,0.007
18:03:30,18.178,0.235,0.007
18:03:30,18.18,0.196,0.007
18:03:30,18.181,0.206,0.007
18:03:30,18.182,0.255,0.007
18:03:31,18.182,0.196,0.007
18:03:31,18.183,0.206,0.007
18:03:31,18.183,0.225,0.007
18:03:31,18.183,0.245,0.007
18:03:31,18.183,0.255,0.007
18:03:31,18.183,0.245,0.007
18:03:31,18.183,0.225,0.007
18:03:31,18.183,0.216,0.007
18:03:31,18.183,0.206,0.007
18:03:32,18.183,0.206,0.007
18:03:32,18.183,0.235,0.007
18:03:32,18.183,0.196,0.007
18:03:32,18.183,0.206,0.007
18:03:32,18.183,0.206,0.007
18:03:32,18.183,0.206,0.007
18:03:32,18.183,0.245,0.007
18:03:32,18.183,0.235,0.007
18:03:32,18.183,0.196,0.007
18:03:32,18.183,0.196,0.007
18:03:33,18.183,0.206,0.007
18:03:33,18.183,0.235,0.007
18:03:33,18.183,0.245,0.007
18:03:33,18.183,0.235,0.007
18:03:33,18.183,0.245,0.007
18:03:33,18.183,0.206,0.007
18:03:33,18.183,0.216,0.007
18:03:33,18.183,0.235,0.007
18:03:33,18.183,0.255,0.007
18:03:33,18.183,0.255,0.007
18:03:34,18.183,0.235,0.007
18:03:34,18.183,0.225,0.007
18:03:34,18.183,0.216,0.007
18:03:34,18.183,0.245,0.007
18:03:34,18.183,0.255,0.007
18:03:34,18.183,0.245,0.007
18:03:34,18.183,0.216,0.007
18:03:34,18.183,0.235,0.007
18:03:34,18.183,0.225,0.007
18:03:34,18.183,0.196,0.007
18:03:35,18.183,0.225,0.007
18:03:35,18.183,0.216,0.007
18:03:35,18.183,0.206,0.007
18:03:35,18.183,0.206,0.007
18:03:35,18.183,0.206,0.007
18:03:35,18.183,0.225,0.007
18:03:35,18.183,0.206,0.007
18:03:35,18.183,0.245,0.007
18:03:35,18.183,0.196,0.007
18:03:35,18.183,0.206,0.007
18:03:36,18.183,0.245,0.007
18:03:36,18.183,0.196,0.007
18:03:36,18.183,0.206,0.007
18:03:36,18.183,0.225,0.007
18:03:36,18.183,0.255,0.007
18:03:36,18.183,0.196,0.007
18:03:36,18.183,0.225,0.007
18:03:36,18.183,0.206,0.007
18:03:36,18.183,0.245,0.007
18:03:36,18.183,0.196,0.007
18:03:37,17.562,0.265,0.007
18:03:37,17.828,0.225,0.007
18:03:37,17.981,0.186,0.007
18:03:37,18.069,0.216,0.007
18:03:37,18.118,0.225,0.007
18:03:37,18.147,0.176,0.007
18:03:37,18.162,0.186,0.007
18:03:37,18.171,0.206,0.007
18:03:37,18.176,0.176,0.007
18:03:38,17.36,0.206,0.007
18:03:38,16.894,0.265,0.007
18:03:38,17.447,0.245,0.007
18:03:38,17.763,0.245,0.007
18:03:38,17.943,0.196,0.007
18:03:38,18.045,0.186,0.007
18:03:38,18.106,0.186,0.007
18:03:38,17.508,0.245,0.007
18:03:38,16.978,0.225,0.007
18:03:38,16.864,0.255,0.007
18:03:39,17.443,0.275,0.007
18:03:39,17.77,0.216,0.007
18:03:39,17.947,0.196,0.007
18:03:39,18.048,0.216,0.007
18:03:39,18.106,0.245,0.007
18:03:39,18.139,0.245,0.007
18:03:39,18.158,0.235,0.007
18:03:39,18.169,0.206,0.007
18:03:39,18.175,0.255,0.007
18:03:39,18.178,0.206,0.007
18:03:40,18.18,0.206,0.007
18:03:40,18.181,0.235,0.007
18:03:40,18.182,0.245,0.007
18:03:40,18.182,0.225,0.007
18:03:40,18.183,0.225,0.007
18:03:40,18.183,0.255,0.007
18:03:40,18.183,0.245,0.007
18:03:40,18.183,0.206,0.007
18:03:40,18.183,0.216,0.007
18:03:40,18.183,0.255,0.007
18:03:41,18.183,0.235,0.007
18:03:41,18.183,0.216,0.007
18:03:41,18.183,0.245,0.007
18:03:41,18.183,0.255,0.007
18:03:41,17.562,0.216,0.007
18:03:41,17.197,0.235,0.007
18:03:41,17.62,0.216,0.007
18:03:41,17.867,0.206,0.007
18:03:41,18.003,0.196,0.007
18:03:42,18.08,0.216,0.007
18:03:42,18.124,0.176,0.007
18:03:42,18.149,0.196,0.007
18:03:42,17.543,0.225,0.007
18:03:42,17.826,0.196,0.007
18:03:42,17.982,0.186,0.007
18:03:42,18.07,0.206,0.007
18:03:42,18.119,0.265,0.007
18:03:42,16.706,0.265,0.007
18:03:42,16.483,0.265,0.007
18:03:43,17.213,0.275,0.007
18:03:43,17.006,0.255,0.007
18:03:43,17.526,0.265,0.007
18:03:43,17.814,0.255,0.007
18:03:43,17.972,0.216,0.007
18:03:43,17.431,0.225,0.007
18:03:43,17.752,0.206,0.007
18:03:43,17.937,0.285,0.007
18:03:43,18.042,0.206,0.007
18:03:43,18.102,0.225,0.007
18:03:44,18.138,0.225,0.007
18:03:44,18.158,0.225,0.007
18:03:44,18.168,0.255,0.007
18:03:44,18.175,0.245,0.007
18:03:44,18.178,0.225,0.007
18:03:44,18.18,0.225,0.007
18:03:44,18.181,0.225,0.007
18:03:44,18.182,0.206,0.007
18:03:44,18.182,0.206,0.007
18:03:44,18.183,0.225,0.007
18:03:45,18.183,0.225,0.007
18:03:45,18.183,0.235,0.007
18:03:45,18.183,0.225,0.007
18:03:45,18.183,0.206,0.007
18:03:45,18.183,0.225,0.007
18:03:45,18.183,0.245,0.007
18:03:45,18.183,0.216,0.007
18:03:45,18.183,0.245,0.007
18:03:45,18.183,0.255,0.007
18:03:45,18.183,0.196,0.007
18:03:46,18.183,0.206,0.007
18:03:46,18.183,0.255,0.007
18:03:46,18.183,0.196,0.007
18:03:46,18.183,0.225,0.007
18:03:46,18.183,0.206,0.007
18:03:46,18.183,0.235,0.007
18:03:46,18.183,0.206,0.007
18:03:46,18.183,0.225,0.007
18:03:46,18.183,0.255,0.007
18:03:47,18.183,0.206,0.007
18:03:47,18.183,0.225,0.007
18:03:47,18.183,0.245,0.007
18:03:47,18.183,0.235,0.007
18:03:47,18.183,0.216,0.007
18:03:47,18.183,0.255,0.007
18:03:47,18.183,0.265,0.007
18:03:47,18.183,0.225,0.007
18:03:47,18.183,0.235,0.007
18:03:47,18.183,0.235,0.007
18:03:48,18.183,0.206,0.007
18:03:48,18.183,0.216,0.007
18:03:48,18.183,0.206,0.007
18:03:48,18.183,0.255,0.007
18:03:48,18.183,0.206,0.007
18:03:48,18.183,0.235,0.007
18:03:48,18.183,0.255,0.007
18:03:48,18.183,0.235,0.007
18:03:48,18.183,0.225,0.007
18:03:48,18.183,0.255,0.007
18:03:49,18.183,0.235,0.007
18:03:49,18.183,0.216,0.007
18:03:49,18.183,0.196,0.007
18:03:49,18.183,0.245,0.007
18:03:49,18.183,0.216,0.007
18:03:49,18.183,0.206,0.007
18:03:49,18.183,0.235,0.007
18:03:49,18.183,0.206,0.007
18:03:49,18.183,0.235,0.007
18:03:49,18.183,0.196,0.007
18:03:50,18.183,0.225,0.007
18:03:50,18.183,0.235,0.007
18:03:50,18.183,0.206,0.007
18:03:50,18.183,0.235,0.007
18:03:50,18.183,0.245,0.007
18:03:50,18.183,0.225,0.007
18:03:50,18.183,0.206,0.007
18:03:50,18.183,0.235,0.007
18:03:50,17.551,0.255,0.007
18:03:51,17.83,0.235,0.007
18:03:51,17.982,0.216,0.007
18:03:51,18.07,0.186,0.007
18:03:51,18.119,0.206,0.007
18:03:51,17.285,0.206,0.007
18:03:51,16.84,0.255,0.007
18:03:51,16.597,0.245,0.007
18:03:51,16.431,0.255,0.007
18:03:51,16.547,0.285,0.007
18:03:51,17.249,0.295,0.007
18:03:52,17.65,0.255,0.007
18:03:52,17.879,0.225,0.007
18:03:52,18.012,0.216,0.007
18:03:52,18.086,0.225,0.007
18:03:52,18.127,0.245,0.007
18:03:52,18.152,0.235,0.007
18:03:52,18.165,0.225,0.007
18:03:52,18.173,0.255,0.007
18:03:52,18.177,0.255,0.007
18:03:52,18.18,0.206,0.007
18:03:53,17.347,0.235,0.007
18:03:53,16.852,0.186,0.007
18:03:53,17.424,0.235,0.007
18:03:53,17.759,0.245,0.007
18:03:53,17.941,0.196,0.007
18:03:53,18.045,0.186,0.007
18:03:53,18.104,0.176,0.007
18:03:53,17.277,0.176,0.007
18:03:53,16.849,0.235,0.007
18:03:53,16.813,0.245,0.007
18:03:54,15.944,0.235,0.007
18:03:54,16.086,0.235,0.007
18:03:54,16.385,0.305,0.007
18:03:54,17.163,0.255,0.007
18:03:54,17.601,0.245,0.007
18:03:54,17.849,0.265,0.007
18:03:54,17.993,0.275,0.007
18:03:54,18.077,0.225,0.007
18:03:54,18.123,0.255,0.007
18:03:55,18.149,0.225,0.007
18:03:55,18.164,0.225,0.007
18:03:55,18.172,0.216,0.007
18:03:55,18.177,0.206,0.007
18:03:55,18.179,0.225,0.007
18:03:55,18.181,0.255,0.007
18:03:55,18.182,0.255,0.007
18:03:55,18.182,0.225,0.007
18:03:55,18.182,0.245,0.007
18:03:55,18.183,0.245,0.007
18:03:56,18.183,0.225,0.007
18:03:56,18.183,0.216,0.007
18:03:56,18.183,0.216,0.007
18:03:56,17.363,0.206,0.007
18:03:56,17.715,0.235,0.007
18:03:56,17.284,0.216,0.007
18:03:56,17.679,0.265,0.007
18:03:56,17.897,0.235,0.007
18:03:56,18.02,0.196,0.007
18:03:56,18.091,0.275,0.007
18:03:57,18.131,0.255,0.007
18:03:57,17.533,0.305,0.007
18:03:57,17.814,0.345,0.007
18:03:57,17.971,0.305,0.007
18:03:57,18.729,0.364,0.007
18:03:57,19.621,0.355,0.007
18:03:57,20.134,0.374,0.007
18:03:57,20.416,0.345,0.007
18:03:57,20.577,0.325,0.007
18:03:57,20.671,0.374,0.007
18:03:58,21.831,0.295,0.007
18:03:58,22.499,0.345,0.007
18:03:58,22.868,0.325,0.007
18:03:58,23.081,0.315,0.007
18:03:58,23.198,0.275,0.007
18:03:58,23.264,0.255,0.007
18:03:58,23.303,0.245,0.007
18:03:58,23.325,0.265,0.007
18:03:58,23.337,0.265,0.007
18:03:58,23.344,0.245,0.007
18:03:59,23.348,0.245,0.007
18:03:59,23.35,0.285,0.007
18:03:59,22.719,0.285,0.007
18:03:59,22.991,0.225,0.007
18:03:59,23.145,0.245,0.007
18:03:59,22.613,0.255,0.007
18:03:59,21.831,0.245,0.007
18:03:59,22.499,0.285,0.007
18:03:59,22.247,0.285,0.007
18:04:00,21.608,0.255,0.007
18:04:00,22.363,0.265,0.007
18:04:00,22.785,0.275,0.007
18:04:00,21.91,0.245,0.007
18:04:00,21.913,0.285,0.007
18:04:00,21.891,0.305,0.007
18:04:00,21.891,0.265,0.007
18:04:00,21.422,0.295,0.007
18:04:00,21.772,0.325,0.007
18:04:00,21.972,0.315,0.007
18:04:01,22.565,0.315,0.007
18:04:01,22.901,0.265,0.007
18:04:01,23.101,0.255,0.007
18:04:01,23.209,0.255,0.007
18:04:01,23.271,0.285,0.007
18:04:01,23.306,0.285,0.007
18:04:01,23.327,0.235,0.007
18:04:01,23.338,0.245,0.007
18:04:01,22.244,0.225,0.007
18:04:01,21.62,0.265,0.007
18:04:02,21.743,0.255,0.007
18:04:02,22.449,0.325,0.007
18:04:02,21.732,0.275,0.007
18:04:02,21.319,0.315,0.007
18:04:02,21.571,0.335,0.007
18:04:02,21.857,0.335,0.007
18:04:02,22.043,0.315,0.007
18:04:02,22.61,0.255,0.007
18:04:02,22.936,0.235,0.007
18:04:02,23.116,0.245,0.007
18:04:03,23.217,0.245,0.007
18:04:03,23.276,0.235,0.007
18:04:03,22.687,0.275,0.007
18:04:03,22.352,0.235,0.007
18:04:03,22.779,0.275,0.007
18:04:03,23.032,0.295,0.007
18:04:03,22.07,0.245,0.007
18:04:03,21.983,0.245,0.007
18:04:03,21.95,0.245,0.007
18:04:03,21.927,0.255,0.007
18:04:04,21.425,0.255,0.007
18:04:04,21.152,0.325,0.007
18:04:04,20.992,0.295,0.007
18:04:04,22.006,0.285,0.007
18:04:04,22.601,0.345,0.007
18:04:04,22.924,0.335,0.007
18:04:04,23.112,0.315,0.007
18:04:04,23.216,0.265,0.007
18:04:04,23.275,0.255,0.007
18:04:05,23.309,0.295,0.007
18:04:05,23.327,0.235,0.007
18:04:05,23.339,0.225,0.007
18:04:05,23.345,0.216,0.007
18:04:05,23.348,0.255,0.007
18:04:05,22.218,0.305,0.007
18:04:05,21.605,0.325,0.007
18:04:05,22.372,0.285,0.007
18:04:05,22.309,0.325,0.007
18:04:05,22.296,0.255,0.007
18:04:06,21.645,0.245,0.007
18:04:06,22.395,0.275,0.007
18:04:06,22.327,0.295,0.007
18:04:06,22.781,0.245,0.007
18:04:06,23.026,0.255,0.007
18:04:06,23.167,0.235,0.007
18:04:06,23.247,0.245,0.007
18:04:06,22.192,0.255,0.007
18:04:06,22.705,0.245,0.007
18:04:06,22.983,0.295,0.007
18:04:07,23.142,0.235,0.007
18:04:07,23.233,0.235,0.007
18:04:07,23.285,0.235,0.007
18:04:07,23.315,0.265,0.007
18:04:07,23.331,0.245,0.007
18:04:07,22.862,0.216,0.007
18:04:07,22.451,0.216,0.007
18:04:07,22.376,0.295,0.007
18:04:07,22.154,0.245,0.007
18:04:07,22.048,0.235,0.007
18:04:08,22.608,0.245,0.007
18:04:08,21.828,0.275,0.007
18:04:08,21.373,0.285,0.007
18:04:08,21.594,0.325,0.007
18:04:08,21.249,0.265,0.007
18:04:08,21.674,0.315,0.007
18:04:08,22.395,0.275,0.007
18:04:08,22.333,0.285,0.007
18:04:08,22.771,0.325,0.007
18:04:09,23.021,0.315,0.007
18:04:09,23.163,0.275,0.007
18:04:09,23.247,0.265,0.007
18:04:09,23.293,0.245,0.007
18:04:09,23.319,0.275,0.007
18:04:09,23.333,0.245,0.007
18:04:09,23.342,0.225,0.007
18:04:09,23.347,0.225,0.007
18:04:09,22.225,0.295,0.007
18:04:09,22.081,0.275,0.007
18:04:10,22.006,0.245,0.007
18:04:10,22.597,0.265,0.007
18:04:10,22.924,0.295,0.007
18:04:10,23.112,0.245,0.007
18:04:10,23.216,0.245,0.007
18:04:10,23.275,0.275,0.007
18:04:10,23.309,0.245,0.007
18:04:10,22.196,0.285,0.007
18:04:10,22.071,0.325,0.007
18:04:10,22.143,0.295,0.007
18:04:11,21.562,0.275,0.007
18:04:11,21.224,0.305,0.007
18:04:11,21.036,0.325,0.007
18:04:11,22.053,0.335,0.007
18:04:11,22.615,0.355,0.007
18:04:11,22.939,0.285,0.007
18:04:11,23.121,0.255,0.007
18:04:11,23.221,0.245,0.007
18:04:11,23.279,0.245,0.007
18:04:11,23.311,0.275,0.007
18:04:12,23.329,0.275,0.007
18:04:12,23.339,0.275,0.007
18:04:12,23.345,0.275,0.007
18:04:12,23.349,0.235,0.007
18:04:12,22.882,0.255,0.007
18:04:12,23.089,0.225,0.007
18:04:12,23.202,0.225,0.007
18:04:12,22.167,0.235,0.007
18:04:12,22.676,0.235,0.007
18:04:13,22.499,0.275,0.007
18:04:13,22.403,0.285,0.007
18:04:13,21.71,0.255,0.007
18:04:13,22.436,0.295,0.007
18:04:13,22.185,0.305,0.007
18:04:13,21.582,0.305,0.007
18:04:13,21.888,0.285,0.007
18:04:13,22.536,0.275,0.007
18:04:13,22.887,0.325,0.007
18:04:13,23.091,0.235,0.007
18:04:14,23.207,0.295,0.007
18:04:14,22.791,0.275,0.007
18:04:14,22.564,0.275,0.007
18:04:14,22.91,0.255,0.007
18:04:14,23.1,0.225,0.007
18:04:14,22.559,0.216,0.007
18:04:14,22.421,0.255,0.007
18:04:14,22.189,0.275,0.007
18:04:14,21.575,0.245,0.007
18:04:14,21.238,0.255,0.007
18:04:15,21.519,0.275,0.007
18:04:15,22.307,0.265,0.007
18:04:15,22.756,0.255,0.007
18:04:15,22.364,0.216,0.007
18:04:15,22.168,0.216,0.007
18:04:15,22.691,0.285,0.007
18:04:15,22.511,0.275,0.007
18:04:15,22.243,0.245,0.007
18:04:15,21.606,0.315,0.007
18:04:15,21.256,0.305,0.007
18:04:16,21.677,0.275,0.007
18:04:16,21.918,0.295,0.007
18:04:16,22.534,0.335,0.007
18:04:16,22.886,0.315,0.007
18:04:16,23.091,0.275,0.007
18:04:16,23.204,0.265,0.007
18:04:16,23.27,0.255,0.007
18:04:16,23.306,0.285,0.007
18:04:16,23.326,0.295,0.007
18:04:17,23.338,0.216,0.007
18:04:17,23.345,0.265,0.007
18:04:17,23.348,0.265,0.007
18:04:17,23.35,0.285,0.007
18:04:17,23.351,0.265,0.007
18:04:17,23.352,0.245,0.007
18:04:17,22.866,0.275,0.007
18:04:17,22.608,0.315,0.007
18:04:17,22.928,0.216,0.007
18:04:17,23.111,0.216,0.007
18:04:18,22.746,0.265,0.007
18:04:18,21.9,0.305,0.007
18:04:18,22.067,0.255,0.007
18:04:18,21.515,0.255,0.007
18:04:18,21.668,0.295,0.007
18:04:18,21.291,0.265,0.007
18:04:18,21.076,0.295,0.007
18:04:18,22.054,0.335,0.007
18:04:18,22.612,0.345,0.007
18:04:18,22.937,0.295,0.007
18:04:19,23.116,0.255,0.007
18:04:19,23.221,0.255,0.007
18:04:19,23.279,0.245,0.007
18:04:19,23.311,0.245,0.007
18:04:19,23.329,0.265,0.007
18:04:19,23.339,0.245,0.007
18:04:19,23.345,0.285,0.007
18:04:19,23.349,0.265,0.007
18:04:19,22.242,0.235,0.007
18:04:19,22.73,0.315,0.007
18:04:20,22.997,0.235,0.007
18:04:20,22.676,0.325,0.007
18:04:20,22.488,0.245,0.007
18:04:20,22.859,0.255,0.007
18:04:20,23.071,0.235,0.007
18:04:20,23.195,0.275,0.007
18:04:20,23.265,0.235,0.007
18:04:20,23.303,0.265,0.007
18:04:20,22.845,0.295,0.007
18:04:21,22.442,0.285,0.007
18:04:21,22.842,0.216,0.007
18:04:21,21.935,0.265,0.007
18:04:21,22.065,0.285,0.007
18:04:21,22.139,0.285,0.007
18:04:21,21.56,0.255,0.007
18:04:21,21.876,0.305,0.007
18:04:21,21.893,0.285,0.007
18:04:21,21.894,0.265,0.007
18:04:21,21.42,0.275,0.007
18:04:22,22.25,0.315,0.007
18:04:22,22.724,0.335,0.007
18:04:22,22.994,0.235,0.007
18:04:22,23.148,0.275,0.007
18:04:22,23.235,0.245,0.007
18:04:22,23.287,0.275,0.007
18:04:22,23.316,0.255,0.007
18:04:22,22.71,0.235,0.007
18:04:22,22.507,0.295,0.007
18:04:22,22.408,0.275,0.007
18:04:23,22.33,0.255,0.007
18:04:23,22.779,0.255,0.007
18:04:23,23.027,0.225,0.007
18:04:23,22.517,0.235,0.007
18:04:23,22.876,0.295,0.007
18:04:23,23.087,0.285,0.007
18:04:23,22.101,0.235,0.007
18:04:23,21.538,0.275,0.007
18:04:23,21.217,0.305,0.007
18:04:23,21.035,0.265,0.007
18:04:24,21.562,0.315,0.007
18:04:24,22.331,0.355,0.007
18:04:24,22.779,0.285,0.007
18:04:24,23.028,0.315,0.007
18:04:24,23.17,0.255,0.007
18:04:24,23.251,0.265,0.007
18:04:24,23.295,0.265,0.007
18:04:24,23.321,0.245,0.007
18:04:24,23.335,0.265,0.007
18:04:24,23.343,0.245,0.007
18:04:25,23.347,0.245,0.007
18:04:25,23.35,0.255,0.007
18:04:25,22.864,0.235,0.007
18:04:25,22.425,0.285,0.007
18:04:25,22.171,0.255,0.007
18:04:25,22.679,0.325,0.007
18:04:25,22.975,0.235,0.007
18:04:25,23.142,0.285,0.007
18:04:25,23.233,0.255,0.007
18:04:26,23.284,0.235,0.007
18:04:26,22.692,0.265,0.007
18:04:26,22.329,0.216,0.007
18:04:26,21.649,0.245,0.007
18:04:26,22.381,0.255,0.007
18:04:26,22.319,0.255,0.007
18:04:26,22.142,0.235,0.007
18:04:26,22.202,0.315,0.007
18:04:26,22.079,0.235,0.007
18:04:26,21.513,0.285,0.007
18:04:27,21.833,0.305,0.007
18:04:27,21.389,0.315,0.007
18:04:27,21.78,0.345,0.007
18:04:27,22.46,0.295,0.007
18:04:27,22.852,0.285,0.007
18:04:27,23.067,0.255,0.007
18:04:27,23.19,0.265,0.007
18:04:27,23.261,0.265,0.007
18:04:27,23.301,0.245,0.007
18:04:27,23.324,0.265,0.007
18:04:28,22.704,0.216,0.007
18:04:28,22.989,0.265,0.007
18:04:28,22.495,0.225,0.007
18:04:28,21.758,0.275,0.007
18:04:28,21.987,0.255,0.007
18:04:28,21.956,0.235,0.007
18:04:28,22.098,0.255,0.007
18:04:28,22.641,0.255,0.007
18:04:28,21.829,0.245,0.007
18:04:29,21.373,0.295,0.007
18:04:29,21.743,0.275,0.007
18:04:29,22.449,0.265,0.007
18:04:29,22.837,0.245,0.007
18:04:29,23.059,0.285,0.007
18:04:29,22.717,0.255,0.007
18:04:29,22.505,0.255,0.007
18:04:29,22.245,0.255,0.007
18:04:29,21.602,0.325,0.007
18:04:29,21.254,0.325,0.007
18:04:30,22.175,0.315,0.007
18:04:30,22.685,0.325,0.007
18:04:30,22.978,0.245,0.007
18:04:30,22.039,0.295,0.007
18:04:30,22.124,0.255,0.007
18:04:30,22.192,0.275,0.007
18:04:30,22.705,0.315,0.007
18:04:30,22.362,0.235,0.007
18:04:30,22.166,0.285,0.007
18:04:30,21.562,0.305,0.007
18:04:31,21.877,0.345,0.007
18:04:31,22.516,0.275,0.007
18:04:31,22.873,0.235,0.007
18:04:31,23.079,0.235,0.007
18:04:31,23.199,0.285,0.007
18:04:31,22.613,0.245,0.007
18:04:31,22.933,0.225,0.007
18:04:31,23.117,0.305,0.007
18:04:31,22.597,0.235,0.007
18:04:31,22.3,0.295,0.007
18:04:32,21.638,0.265,0.007
18:04:32,21.917,0.295,0.007
18:04:32,22.547,0.325,0.007
18:04:32,22.896,0.235,0.007
18:04:32,21.998,0.275,0.007
18:04:32,21.933,0.305,0.007
18:04:32,21.432,0.265,0.007
18:04:32,21.15,0.315,0.007
18:04:32,22.124,0.325,0.007
18:04:33,22.652,0.345,0.007
18:04:33,22.953,0.335,0.007
18:04:33,23.128,0.275,0.007
18:04:33,23.225,0.325,0.007
18:04:33,23.28,0.235,0.007
18:04:33,23.312,0.275,0.007
18:04:33,23.33,0.315,0.007
18:04:33,22.718,0.285,0.007
18:04:33,22.343,0.245,0.007
18:04:33,22.311,0.255,0.007
18:04:34,22.279,0.265,0.007
18:04:34,22.272,0.305,0.007
18:04:34,21.622,0.335,0.007
18:04:34,21.911,0.275,0.007
18:04:34,22.048,0.295,0.007
18:04:34,22.604,0.335,0.007
18:04:34,22.926,0.255,0.007
18:04:34,23.113,0.255,0.007
18:04:34,23.216,0.245,0.007
18:04:34,23.275,0.235,0.007
18:04:35,23.309,0.265,0.007
18:04:35,23.328,0.225,0.007
18:04:35,22.868,0.235,0.007
18:04:35,21.976,0.285,0.007
18:04:35,22.106,0.325,0.007
18:04:35,21.529,0.285,0.007
18:04:35,21.212,0.315,0.007
18:04:35,22.131,0.345,0.007
18:04:35,22.667,0.295,0.007
18:04:35,22.97,0.235,0.007
18:04:36,22.485,0.255,0.007
18:04:36,22.39,0.285,0.007
18:04:36,21.688,0.295,0.007
18:04:36,22.408,0.265,0.007
18:04:36,22.811,0.285,0.007
18:04:36,23.049,0.235,0.007
18:04:36,22.693,0.285,0.007
18:04:36,22.975,0.216,0.007
18:04:36,22.009,0.275,0.007
18:04:37,21.475,0.255,0.007
18:04:37,21.174,0.265,0.007
18:04:37,21.008,0.295,0.007
18:04:37,21.566,0.295,0.007
18:04:37,22.334,0.285,0.007
18:04:37,22.771,0.295,0.007
18:04:37,23.027,0.255,0.007
18:04:37,23.171,0.255,0.007
18:04:37,23.249,0.255,0.007
18:04:37,23.294,0.245,0.007
18:04:38,23.32,0.235,0.007
18:04:38,23.334,0.275,0.007
18:04:38,22.721,0.235,0.007
18:04:38,22.345,0.235,0.007
18:04:38,22.137,0.285,0.007
18:04:38,22.038,0.325,0.007
18:04:38,21.502,0.305,0.007
18:04:38,22.314,0.295,0.007
18:04:38,22.76,0.305,0.007
18:04:38,23.015,0.315,0.007
18:04:39,23.163,0.235,0.007
18:04:39,23.245,0.265,0.007
18:04:39,23.291,0.245,0.007
18:04:39,23.318,0.225,0.007
18:04:39,23.333,0.225,0.007
18:04:39,22.871,0.225,0.007
18:04:39,22.611,0.265,0.007
18:04:39,22.311,0.265,0.007
18:04:39,22.758,0.235,0.007
18:04:39,22.392,0.305,0.007
18:04:40,21.704,0.345,0.007
18:04:40,21.936,0.364,0.007
18:04:40,22.562,0.335,0.007
18:04:40,22.909,0.394,0.007
18:04:40,23.101,0.404,0.007
18:04:40,23.696,0.345,0.007
18:04:40,24.428,0.374,0.007
18:04:40,24.841,0.404,0.007
18:04:40,25.071,0.335,0.007
18:04:41,25.197,0.345,0.007
18:04:41,25.268,0.374,0.007
18:04:41,25.31,0.384,0.007
18:04:41,25.709,0.394,0.007
18:04:41,25.558,0.355,0.007
18:04:41,25.474,0.394,0.007
18:04:41,25.425,0.335,0.007
18:04:41,26.262,0.345,0.007
18:04:41,26.74,0.364,0.007
18:04:41,26.505,0.305,0.007
18:04:42,26.889,0.305,0.007
18:04:42,26.22,0.305,0.007
18:04:42,26.223,0.305,0.007
18:04:42,26.728,0.325,0.007
18:04:42,27.014,0.325,0.007
18:04:42,26.289,0.325,0.007
18:04:42,26.765,0.345,0.007
18:04:42,26.146,0.305,0.007
18:04:42,25.81,0.345,0.007
18:04:42,25.618,0.384,0.007
18:04:43,26.019,0.355,0.007
18:04:43,26.113,0.364,0.007
18:04:43,26.295,0.315,0.007
18:04:43,26.256,0.295,0.007
18:04:43,26.357,0.345,0.007
18:04:43,25.921,0.355,0.007
18:04:43,25.682,0.384,0.007
18:04:43,26.033,0.325,0.007
18:04:43,26.235,0.355,0.007
18:04:44,26.724,0.315,0.007
18:04:44,27.009,0.285,0.007
18:04:44,27.169,0.364,0.007
18:04:44,26.747,0.285,0.007
18:04:44,27.022,0.325,0.007
18:04:44,27.178,0.355,0.007
18:04:44,27.262,0.325,0.007
18:04:44,26.447,0.345,0.007
18:04:44,25.971,0.355,0.007
18:04:44,25.71,0.384,0.007
18:04:45,25.557,0.325,0.007
18:04:45,26.354,0.345,0.007
18:04:45,26.305,0.345,0.007
18:04:45,25.9,0.315,0.007
18:04:45,26.529,0.315,0.017
18:04:45,26.902,0.315,0.007
18:04:45,26.596,0.315,0.007
18:04:45,26.067,0.295,0.007
18:04:45,26.253,0.315,0.017
18:04:45,26.745,0.325,0.007
18:04:46,27.023,0.355,0.017
18:04:46,27.177,0.295,0.017
18:04:46,26.888,0.325,0.017
18:04:46,27.101,0.345,0.017
18:04:46,26.723,0.364,0.017
18:04:46,26.127,0.305,0.017
18:04:46,26.304,0.305,0.017
18:04:46,26.777,0.325,0.017
18:04:46,27.039,0.315,0.017
18:04:47,27.187,0.335,0.017
18:04:47,26.9,0.364,0.017
18:04:47,26.235,0.315,0.017
18:04:47,26.233,0.305,0.017
18:04:47,25.851,0.364,0.017
18:04:47,26.022,0.374,0.017
18:04:47,25.742,0.355,0.017
18:04:47,26.067,0.315,0.007
18:04:47,26.128,0.374,0.007
18:04:47,26.663,0.295,0.017
18:04:48,26.977,0.345,0.007
18:04:48,26.782,0.305,0.007
18:04:48,26.548,0.305,0.017
18:04:48,26.04,0.355,0.017
18:04:48,25.743,0.315,0.017
18:04:48,26.088,0.335,0.017
18:04:48,26.283,0.345,0.017
18:04:48,25.877,0.345,0.017
18:04:48,26.52,0.315,0.017
18:04:48,26.886,0.285,0.017
18:04:49,26.725,0.305,0.017
18:04:49,27.01,0.345,0.017
18:04:49,27.171,0.285,0.017
18:04:49,26.747,0.335,0.017
18:04:49,27.018,0.315,0.017
18:04:49,27.174,0.335,0.017
18:04:49,26.38,0.295,0.017
18:04:49,26.819,0.315,0.017
18:04:49,26.55,0.355,0.017
18:04:49,26.906,0.325,0.017
18:04:50,27.106,0.345,0.017
18:04:50,26.336,0.335,0.017
18:04:50,25.909,0.305,0.017
18:04:50,25.675,0.374,0.017
18:04:50,25.913,0.345,0.017
18:04:50,26.041,0.355,0.017
18:04:50,26.614,0.315,0.017
18:04:50,26.453,0.335,0.017
18:04:50,25.988,0.374,0.017
18:04:51,25.712,0.315,0.017
18:04:51,26.05,0.355,0.017
18:04:51,25.755,0.374,0.017
18:04:51,25.953,0.305,0.017
18:04:51,26.563,0.325,0.017
18:04:51,26.921,0.345,0.017
18:04:51,26.751,0.305,0.017
18:04:51,26.531,0.295,0.017
18:04:51,26.388,0.275,0.017
18:04:51,25.938,0.364,0.017
18:04:52,26.177,0.355,0.017
18:04:52,26.333,0.315,0.017
18:04:52,26.793,0.335,0.017
18:04:52,27.048,0.305,0.017
18:04:52,26.325,0.275,0.017
18:04:52,26.288,0.315,0.017
18:04:52,26.252,0.315,0.017
18:04:52,26.748,0.374,0.017
18:04:52,27.017,0.285,0.017
18:04:52,26.674,0.335,0.017
18:04:53,26.468,0.345,0.017
18:04:53,25.984,0.295,0.017
18:04:53,26.097,0.305,0.017
18:04:53,25.785,0.355,0.017
18:04:53,25.604,0.384,0.017
18:04:53,25.868,0.305,0.017
18:04:53,26.515,0.325,0.017
18:04:53,26.884,0.285,0.017
18:04:53,27.099,0.295,0.017
18:04:54,26.841,0.295,0.017
18:04:54,27.075,0.305,0.017
18:04:54,26.837,0.345,0.017
18:04:54,26.199,0.364,0.017
18:04:54,26.202,0.305,0.017
18:04:54,26.33,0.345,0.017
18:04:54,26.778,0.355,0.017
18:04:54,27.032,0.364,0.017
18:04:54,26.67,0.295,0.017
18:04:54,26.979,0.295,0.017
18:04:55,26.285,0.345,0.017
18:04:55,26.763,0.364,0.017
18:04:55,26.65,0.305,0.017
18:04:55,26.097,0.325,0.017
18:04:55,25.773,0.345,0.017
18:04:55,25.597,0.325,0.017
18:04:55,25.984,0.335,0.017
18:04:55,26.081,0.355,0.017
18:04:55,26.277,0.364,0.017
18:04:55,26.389,0.355,0.017
18:04:56,26.436,0.315,0.017
18:04:56,26.463,0.325,0.017
18:04:56,26.364,0.335,0.017
18:04:56,26.81,0.325,0.017
18:04:56,26.545,0.285,0.017
18:04:56,26.901,0.335,0.017
18:04:56,27.109,0.335,0.017
18:04:56,27.226,0.285,0.017
18:04:56,26.914,0.295,0.017
18:04:56,27.116,0.335,0.017
18:04:57,27.23,0.345,0.017
18:04:57,27.293,0.275,0.017
18:04:57,27.328,0.295,0.017
18:04:57,26.972,0.325,0.017
18:04:57,27.148,0.335,0.017
18:04:57,27.248,0.285,0.017
18:04:57,27.303,0.295,0.017
18:04:57,27.334,0.345,0.017
18:04:57,26.839,0.285,0.017
18:04:58,26.187,0.345,0.017
18:04:58,26.321,0.325,0.017
18:04:58,26.27,0.364,0.017
18:04:58,26.758,0.305,0.017
18:04:58,26.159,0.335,0.017
18:04:58,26.305,0.374,0.017
18:04:58,26.774,0.295,0.017
18:04:58,26.168,0.315,0.017
18:04:58,26.325,0.345,0.017
18:04:58,26.416,0.374,0.017
18:04:59,26.334,0.345,0.017
18:04:59,26.421,0.355,0.017
18:04:59,26.842,0.285,0.017
18:04:59,26.563,0.315,0.017
18:04:59,26.048,0.325,0.017
18:04:59,25.745,0.374,0.017
18:04:59,25.578,0.305,0.017
18:04:59,25.973,0.335,0.017
18:04:59,26.199,0.345,0.017
18:04:59,26.7,0.364,0.017
18:05:00,26.485,0.295,0.017
18:05:00,26.875,0.295,0.017
18:05:00,27.089,0.295,0.017
18:05:00,26.332,0.285,0.017
18:05:00,26.792,0.345,0.017
18:05:00,27.048,0.335,0.017
18:05:00,27.191,0.285,0.017
18:05:00,26.759,0.364,0.017
18:05:00,27.029,0.315,0.017
18:05:01,26.805,0.345,0.017
18:05:01,26.19,0.345,0.017
18:05:01,26.197,0.305,0.017
18:05:01,25.829,0.335,0.017
18:05:01,25.624,0.364,0.017
18:05:01,25.512,0.394,0.017
18:05:01,26.329,0.325,0.017
18:05:01,26.402,0.355,0.017
18:05:01,26.829,0.345,0.017
18:05:01,27.068,0.275,0.017
18:05:02,27.203,0.305,0.017
18:05:02,27.278,0.275,0.017
18:05:02,26.945,0.345,0.017
18:05:02,26.641,0.315,0.017
18:05:02,26.956,0.285,0.017
18:05:02,26.257,0.335,0.017
18:05:02,26.378,0.305,0.017
18:05:02,25.929,0.364,0.017
18:05:02,26.563,0.335,0.017
18:05:02,26.914,0.345,0.017
18:05:03,26.741,0.374,0.017
18:05:03,26.649,0.305,0.017
18:05:03,26.457,0.275,0.017
18:05:03,25.977,0.374,0.017
18:05:03,25.712,0.345,0.017
18:05:03,25.563,0.374,0.017
18:05:03,25.475,0.364,0.017
18:05:03,25.426,0.374,0.017
18:05:03,25.887,0.335,0.017
18:05:04,26.168,0.305,0.017
18:05:04,26.328,0.374,0.017
18:05:04,26.401,0.355,0.017
18:05:04,26.828,0.275,0.017
18:05:04,26.548,0.315,0.017
18:05:04,26.398,0.345,0.017
18:05:04,26.441,0.335,0.017
18:05:04,26.466,0.345,0.017
18:05:04,26.865,0.364,0.017
18:05:04,27.09,0.295,0.017
18:05:05,26.702,0.325,0.017
18:05:05,26.997,0.305,0.017
18:05:05,26.651,0.335,0.017
18:05:05,26.961,0.305,0.017
18:05:05,27.139,0.315,0.017
18:05:05,27.242,0.355,0.017
18:05:05,26.933,0.285,0.017
18:05:05,26.239,0.295,0.017
18:05:05,25.855,0.374,0.017
18:05:05,26.013,0.315,0.017
18:05:06,25.734,0.335,0.017
18:05:06,25.575,0.374,0.017
18:05:06,25.852,0.305,0.017
18:05:06,26.525,0.325,0.017
18:05:06,26.385,0.285,0.017
18:05:06,26.809,0.335,0.017
18:05:06,26.676,0.325,0.017
18:05:06,26.982,0.315,0.017
18:05:06,26.775,0.295,0.017
18:05:07,26.169,0.305,0.017
18:05:07,25.815,0.335,0.017
18:05:07,25.991,0.364,0.017
18:05:07,25.716,0.315,0.017
18:05:07,26.433,0.335,0.017
18:05:07,26.333,0.335,0.017
18:05:07,26.272,0.295,0.017
18:05:07,26.745,0.325,0.017
18:05:07,27.021,0.335,0.017
18:05:07,26.664,0.364,0.017
18:05:08,26.106,0.355,0.017
18:05:08,25.787,0.305,0.017
18:05:08,25.605,0.364,0.017
18:05:08,25.499,0.335,0.017
18:05:08,25.815,0.355,0.017
18:05:08,26.484,0.364,0.017
18:05:08,26.491,0.384,0.017
18:05:08,26.509,0.335,0.017
18:05:08,26.505,0.345,0.017
18:05:08,26.513,0.374,0.017
18:05:09,26.378,0.295,0.017
18:05:09,26.313,0.325,0.017
18:05:09,26.409,0.374,0.017
18:05:09,26.314,0.295,0.017
18:05:09,26.394,0.335,0.017
18:05:09,25.942,0.305,0.017
18:05:09,26.062,0.335,0.017
18:05:09,25.762,0.364,0.017
18:05:09,25.591,0.394,0.017
18:05:09,26.357,0.355,0.017
18:05:10,26.803,0.315,0.017
18:05:10,26.167,0.295,0.017
18:05:10,25.822,0.325,0.017
18:05:10,25.625,0.374,0.017
18:05:10,26.376,0.355,0.017
18:05:10,26.801,0.295,0.017
18:05:10,26.56,0.315,0.017
18:05:10,26.534,0.364,0.017
18:05:10,26.522,0.384,0.017
18:05:11,26.386,0.305,0.017
18:05:11,26.307,0.295,0.017
18:05:11,26.272,0.305,0.017
18:05:11,25.874,0.325,0.017
18:05:11,25.65,0.364,0.017
18:05:11,25.526,0.394,0.017
18:05:11,25.455,0.335,0.017
18:05:11,25.927,0.355,0.017
18:05:11,26.548,0.305,0.017
18:05:11,26.9,0.295,0.017
18:05:12,27.11,0.305,0.017
18:05:12,27.226,0.355,0.017
18:05:12,26.915,0.315,0.017
18:05:12,27.112,0.295,0.017
18:05:12,27.225,0.335,0.017
18:05:12,27.29,0.305,0.017
18:05:12,27.327,0.315,0.017
18:05:12,27.348,0.345,0.017
18:05:12,27.359,0.364,0.017
18:05:12,26.869,0.305,0.017
18:05:13,27.091,0.364,0.017
18:05:13,26.848,0.295,0.017
18:05:13,27.079,0.285,0.017
18:05:13,27.206,0.325,0.017
18:05:13,27.278,0.285,0.017
18:05:13,27.32,0.285,0.017
18:05:13,26.856,0.295,0.017
18:05:13,26.215,0.295,0.017
18:05:13,25.841,0.355,0.017
18:05:14,25.63,0.355,0.017
18:05:14,25.516,0.394,0.017
18:05:14,25.45,0.374,0.017
18:05:14,25.413,0.355,0.017
18:05:14,26.274,0.374,0.017
18:05:14,26.76,0.305,0.017
18:05:14,27.029,0.305,0.017
18:05:14,27.177,0.315,0.017
18:05:14,26.774,0.285,0.017
18:05:14,27.037,0.345,0.017
18:05:15,27.186,0.325,0.017
18:05:15,26.756,0.335,0.017
18:05:15,27.023,0.285,0.017
18:05:15,27.173,0.295,0.017
18:05:15,26.748,0.325,0.017
18:05:15,27.025,0.325,0.017
18:05:15,26.296,0.295,0.017
18:05:15,26.38,0.345,0.017
18:05:15,25.944,0.384,0.017
18:05:15,25.687,0.355,0.017
18:05:16,26.058,0.424,0.017
18:05:16,26.635,0.444,0.017
18:05:16,26.955,0.454,0.017
18:05:16,27.134,0.454,0.017
18:05:16,27.707,0.454,0.017
18:05:16,28.413,0.464,0.017
18:05:16,28.808,0.394,0.017
18:05:16,29.027,0.414,0.017
18:05:16,29.15,0.444,0.017
18:05:16,29.22,0.454,0.017
18:05:17,29.262,0.404,0.017
18:05:17,29.284,0.434,0.017
18:05:17,29.297,0.434,0.017
18:05:17,29.305,0.374,0.017
18:05:17,29.309,0.414,0.017
18:05:17,29.311,0.434,0.017
18:05:17,29.312,0.394,0.017
18:05:17,29.313,0.434,0.017
18:05:17,30.035,0.424,0.017
18:05:18,30.124,0.364,0.017
18:05:18,30.083,0.364,0.017
18:05:18,30.165,0.374,0.017
18:05:18,30.208,0.424,0.017
18:05:18,30.537,0.364,0.017
18:05:18,30.313,0.374,0.017
18:05:18,30.596,0.384,0.017
18:05:18,30.756,0.394,0.017
18:05:18,30.844,0.355,0.017
18:05:18,30.894,0.364,0.017
18:05:19,30.523,0.404,0.017
18:05:19,30.708,0.414,0.017
18:05:19,30.815,0.345,0.017
18:05:19,30.459,0.394,0.017
18:05:19,30.673,0.414,0.017
18:05:19,30.072,0.355,0.017
18:05:19,30.461,0.374,0.017
18:05:19,30.276,0.355,0.017
18:05:19,30.17,0.355,0.017
18:05:19,30.516,0.384,0.017
18:05:20,30.292,0.384,0.017
18:05:20,30.179,0.335,0.017
18:05:20,30.513,0.364,0.017
18:05:20,30.708,0.345,0.017
18:05:20,30.818,0.394,0.017
18:05:20,30.879,0.335,0.017
18:05:20,30.913,0.374,0.017
18:05:20,30.932,0.394,0.017
18:05:20,30.943,0.335,0.017
18:05:20,30.524,0.394,0.017
18:05:21,30.311,0.364,0.017
18:05:21,30.587,0.355,0.017
18:05:21,30.751,0.374,0.017
18:05:21,30.422,0.355,0.017
18:05:21,30.654,0.394,0.017
18:05:21,30.385,0.414,0.017
18:05:21,30.636,0.355,0.017
18:05:21,30.778,0.384,0.017
18:05:21,30.457,0.404,0.017
18:05:22,30.266,0.404,0.017
18:05:22,30.151,0.325,0.017
18:05:22,30.19,0.355,0.017
18:05:22,30.529,0.384,0.017
18:05:22,30.717,0.384,0.017
18:05:22,30.82,0.394,0.017
18:05:22,30.572,0.424,0.017
18:05:22,30.322,0.355,0.017
18:05:22,30.603,0.394,0.017
18:05:22,30.755,0.345,0.017
18:05:23,30.842,0.345,0.017
18:05:23,30.474,0.384,0.017
18:05:23,30.681,0.345,0.017
18:05:23,30.803,0.414,0.017
18:05:23,30.871,0.374,0.017
18:05:23,30.909,0.394,0.017
18:05:23,30.224,0.345,0.017
18:05:23,30.232,0.364,0.017
18:05:23,30.544,0.404,0.017
18:05:23,30.306,0.345,0.017
18:05:24,30.594,0.404,0.017
18:05:24,30.75,0.364,0.017
18:05:24,30.839,0.335,0.017
18:05:24,30.891,0.404,0.017
18:05:24,30.92,0.384,0.017
18:05:24,30.936,0.394,0.017
18:05:24,30.946,0.335,0.017
18:05:24,30.644,0.364,0.017
18:05:24,30.778,0.394,0.017
18:05:25,30.555,0.355,0.017
18:05:25,30.733,0.364,0.017
18:05:25,30.11,0.394,0.017
18:05:25,29.766,0.424,0.017
18:05:25,30.289,0.364,0.017
18:05:25,30.584,0.374,0.017
18:05:25,30.745,0.404,0.017
18:05:25,30.835,0.345,0.017
18:05:25,30.582,0.384,0.017
18:05:25,30.743,0.364,0.017
18:05:26,30.835,0.345,0.017
18:05:26,30.47,0.364,0.017
18:05:26,30.679,0.345,0.017
18:05:26,30.799,0.345,0.017
18:05:26,30.868,0.364,0.017
18:05:26,30.482,0.374,0.017
18:05:26,30.686,0.404,0.017
18:05:26,30.805,0.345,0.017
18:05:26,30.873,0.345,0.017
18:05:26,30.91,0.394,0.017
18:05:27,30.93,0.384,0.017
18:05:27,30.942,0.345,0.017
18:05:27,30.949,0.394,0.017
18:05:27,30.534,0.345,0.017
18:05:27,30.72,0.355,0.017
18:05:27,30.823,0.355,0.017
18:05:27,30.58,0.424,0.017
18:05:27,30.742,0.364,0.017
18:05:27,30.835,0.364,0.017
18:05:27,30.889,0.414,0.017
18:05:28,30.919,0.345,0.017
18:05:28,30.537,0.315,0.017
18:05:28,30.012,0.345,0.017
18:05:28,30.418,0.335,0.017
18:05:28,30.353,0.355,0.017
18:05:28,30.62,0.345,0.017
18:05:28,30.765,0.355,0.017
18:05:28,30.848,0.335,0.017
18:05:28,30.895,0.364,0.017
18:05:29,30.922,0.335,0.017
18:05:29,30.938,0.374,0.017
18:05:29,30.639,0.384,0.017
18:05:29,30.377,0.345,0.017
18:05:29,30.632,0.384,0.017
18:05:29,30.772,0.374,0.017
18:05:29,30.854,0.394,0.017
18:05:29,30.899,0.335,0.017
18:05:29,30.617,0.374,0.017
18:05:29,30.365,0.404,0.017
18:05:30,29.904,0.355,0.017
18:05:30,29.95,0.394,0.017
18:05:30,29.669,0.424,0.017
18:05:30,30.239,0.364,0.017
18:05:30,30.135,0.355,0.017
18:05:30,30.085,0.394,0.017
18:05:30,29.757,0.364,0.017
18:05:30,30.284,0.345,0.017
18:05:30,30.581,0.394,0.017
18:05:30,30.327,0.345,0.017
18:05:31,30.606,0.424,0.017
18:05:31,30.757,0.394,0.017
18:05:31,30.843,0.355,0.017
18:05:31,30.893,0.414,0.017
18:05:31,30.921,0.345,0.017
18:05:31,30.937,0.364,0.017
18:05:31,30.946,0.404,0.017
18:05:31,30.951,0.335,0.017
18:05:31,30.954,0.355,0.017
18:05:32,30.654,0.384,0.017
18:05:32,30.788,0.335,0.017
18:05:32,30.862,0.404,0.017
18:05:32,30.904,0.374,0.017
18:05:32,30.927,0.374,0.017
18:05:32,30.64,0.345,0.017
18:05:32,30.058,0.404,0.017
18:05:32,30.453,0.394,0.017
18:05:32,29.95,0.355,0.017
18:05:32,29.677,0.355,0.017
18:05:33,30.227,0.384,0.017
18:05:33,30.547,0.384,0.017
18:05:33,30.428,0.424,0.017
18:05:33,30.257,0.404,0.017
18:05:33,30.145,0.404,0.017
18:05:33,30.085,0.345,0.017
18:05:33,30.153,0.374,0.017
18:05:33,29.793,0.394,0.017
18:05:33,29.583,0.374,0.017
18:05:33,29.866,0.364,0.017
18:05:34,30.348,0.394,0.017
18:05:34,30.616,0.424,0.017
18:05:34,30.764,0.414,0.017
18:05:34,30.547,0.384,0.017
18:05:34,30.302,0.384,0.017
18:05:34,30.59,0.414,0.017
18:05:34,30.748,0.355,0.017
18:05:34,30.84,0.404,0.017
18:05:34,30.892,0.335,0.017
18:05:35,30.92,0.355,0.017
18:05:35,30.634,0.384,0.017
18:05:35,30.357,0.345,0.017
18:05:35,30.622,0.404,0.017
18:05:35,30.766,0.374,0.017
18:05:35,30.848,0.374,0.017
18:05:35,30.594,0.404,0.017
18:05:35,30.443,0.404,0.017
18:05:35,30.251,0.404,0.017
18:05:35,29.84,0.345,0.017
18:05:36,30.323,0.374,0.017
18:05:36,30.602,0.384,0.017
18:05:36,30.759,0.394,0.017
18:05:36,30.125,0.355,0.017
18:05:36,30.175,0.404,0.017
18:05:36,30.521,0.355,0.017
18:05:36,30.003,0.364,0.017
18:05:36,30.413,0.394,0.017
18:05:36,30.652,0.364,0.017
18:05:36,30.783,0.345,0.017
18:05:37,30.459,0.355,0.017
18:05:37,30.678,0.394,0.017
18:05:37,30.798,0.345,0.017
18:05:37,30.867,0.345,0.017
18:05:37,30.906,0.364,0.017
18:05:37,30.622,0.414,0.017
18:05:37,30.766,0.404,0.017
18:05:37,30.443,0.345,0.017
18:05:37,30.25,0.404,0.017
18:05:37,30.554,0.384,0.017
18:05:38,30.732,0.374,0.017
18:05:38,30.529,0.384,0.017
18:05:38,30.713,0.345,0.017
18:05:38,30.818,0.364,0.017
18:05:38,30.879,0.355,0.017
18:05:38,30.914,0.384,0.017
18:05:38,30.933,0.394,0.017
18:05:38,30.538,0.345,0.017
18:05:38,30.722,0.404,0.017
18:05:39,30.826,0.335,0.017
18:05:39,30.582,0.384,0.017
18:05:39,30.445,0.404,0.017
18:05:39,30.666,0.424,0.017
18:05:39,30.375,0.355,0.017
18:05:39,30.625,0.384,0.017
18:05:39,30.461,0.404,0.017
18:05:39,30.26,0.345,0.017
18:05:39,29.842,0.355,0.017
18:05:39,30.014,0.414,0.017
18:05:40,29.713,0.364,0.017
18:05:40,29.542,0.394,0.017
18:05:40,30.163,0.414,0.017
18:05:40,30.514,0.434,0.017
18:05:40,30.397,0.374,0.017
18:05:40,30.638,0.374,0.017
18:05:40,30.057,0.424,0.017
18:05:40,30.045,0.424,0.017
18:05:40,30.448,0.345,0.017
18:05:40,29.951,0.424,0.017
18:05:41,30.386,0.384,0.017
18:05:41,30.218,0.394,0.017
18:05:41,29.818,0.364,0.017
18:05:41,30.308,0.364,0.017
18:05:41,30.174,0.384,0.017
18:05:41,30.513,0.355,0.017
18:05:41,30.289,0.355,0.017
18:05:41,30.269,0.404,0.017
18:05:41,30.565,0.355,0.017
18:05:42,30.737,0.384,0.017
18:05:42,30.415,0.404,0.017
18:05:42,30.648,0.424,0.017
18:05:42,30.781,0.364,0.017
18:05:42,30.556,0.404,0.017
18:05:42,30.729,0.424,0.017
18:05:42,30.411,0.355,0.017
18:05:42,30.651,0.345,0.017
18:05:42,30.367,0.414,0.017
18:05:42,30.621,0.335,0.017
18:05:43,30.77,0.384,0.017
18:05:43,30.852,0.384,0.017
18:05:43,30.499,0.335,0.017
18:05:43,30.394,0.394,0.017
18:05:43,30.339,0.404,0.017
18:05:43,29.896,0.394,0.017
18:05:43,30.362,0.384,0.017
18:05:43,30.625,0.374,0.017
18:05:43,30.768,0.345,0.017
18:05:43,30.851,0.345,0.017
18:05:44,30.897,0.374,0.017
18:05:44,30.621,0.345,0.017
18:05:44,30.469,0.364,0.017
18:05:44,30.28,0.355,0.017
18:05:44,30.158,0.424,0.017
18:05:44,30.204,0.374,0.017
18:05:44,29.822,0.404,0.017
18:05:44,30.31,0.424,0.017
18:05:44,29.873,0.355,0.017
18:05:44,30.349,0.364,0.017
18:05:45,30.612,0.384,0.017
18:05:45,30.457,0.355,0.017
18:05:45,30.672,0.364,0.017
18:05:45,30.795,0.394,0.017
18:05:45,30.866,0.345,0.017
18:05:45,30.907,0.384,0.017
18:05:45,30.929,0.384,0.017
18:05:45,30.941,0.394,0.017
18:05:45,30.948,0.374,0.017
18:05:46,30.533,0.364,0.017
18:05:46,30.721,0.364,0.017
18:05:46,30.822,0.335,0.017
18:05:46,30.573,0.355,0.017
18:05:46,30.021,0.384,0.017
18:05:46,29.717,0.404,0.017
18:05:46,29.539,0.424,0.017
18:05:46,29.86,0.404,0.017
18:05:46,30.038,0.374,0.017
18:05:46,30.433,0.355,0.017
18:05:47,30.351,0.384,0.017
18:05:47,29.896,0.384,0.017
18:05:47,29.641,0.434,0.017
18:05:47,29.499,0.394,0.017
18:05:47,30.139,0.404,0.017
18:05:47,30.092,0.414,0.017
18:05:47,30.464,0.394,0.017
18:05:47,30.674,0.404,0.017
18:05:47,30.799,0.345,0.017
18:05:47,30.567,0.345,0.017
18:05:48,30.735,0.374,0.017
18:05:48,30.832,0.355,0.017
18:05:48,30.887,0.414,0.017
18:05:48,30.499,0.345,0.017
18:05:48,30.696,0.384,0.017
18:05:48,30.808,0.394,0.017
18:05:48,30.455,0.335,0.017
18:05:48,30.251,0.364,0.017
18:05:48,30.142,0.394,0.017
18:05:49,30.081,0.355,0.017
18:05:49,30.46,0.335,0.017
18:05:49,30.274,0.355,0.017
18:05:49,30.26,0.384,0.017
18:05:49,30.264,0.424,0.017
18:05:49,30.149,0.355,0.017
18:05:49,30.499,0.374,0.017
18:05:49,30.296,0.404,0.017
18:05:49,30.288,0.364,0.017
18:05:49,30.28,0.424,0.017
18:05:50,30.158,0.384,0.017
18:05:50,29.785,0.414,0.017
18:05:50,29.583,0.364,0.017
18:05:50,29.873,0.384,0.017
18:05:50,30.349,0.384,0.017
18:05:50,30.618,0.424,0.017
18:05:50,30.767,0.335,0.017
18:05:50,30.851,0.364,0.017
18:05:50,30.898,0.394,0.017
18:05:50,30.622,0.355,0.017
18:05:51,30.463,0.424,0.017
18:05:51,30.378,0.384,0.017
18:05:51,30.228,0.404,0.017
18:05:51,30.541,0.394,0.017
18:05:51,30.724,0.345,0.017
18:05:51,30.827,0.345,0.017
18:05:51,30.582,0.414,0.017
18:05:51,30.748,0.345,0.017
18:05:51,30.84,0.355,0.017
18:05:52,30.891,0.404,0.017
18:05:52,30.92,0.454,0.017
18:05:52,30.937,0.414,0.017
18:05:52,30.639,0.513,0.017
18:05:52,30.779,0.503,0.017
18:05:52,30.858,0.553,0.017
18:05:52,31.321,0.543,0.017
18:05:52,31.165,0.523,0.017
18:05:52,31.795,0.503,0.017
18:05:52,32.151,0.523,0.017
18:05:53,32.348,0.533,0.017
18:05:53,32.459,0.484,0.017
18:05:53,32.522,0.523,0.017
18:05:53,32.556,0.543,0.017
18:05:53,32.576,0.474,0.017
18:05:53,32.587,0.513,0.017
18:05:53,32.593,0.533,0.017
18:05:53,32.596,0.474,0.017
18:05:53,32.598,0.553,0.017
18:05:53,32.907,0.523,0.017
18:05:54,33.494,0.523,0.017
18:05:54,33.816,0.464,0.017
18:05:54,34.004,0.503,0.017
18:05:54,34.11,0.484,0.017
18:05:54,34.169,0.424,0.017
18:05:54,34.201,0.464,0.017
18:05:54,34.22,0.484,0.017
18:05:54,34.23,0.424,0.017
18:05:54,34.236,0.474,0.017
18:05:55,34.24,0.464,0.017
18:05:55,34.242,0.454,0.017
18:05:55,34.243,0.404,0.017
18:05:55,34.243,0.444,0.017
18:05:55,34.244,0.434,0.017
18:05:55,34.244,0.414,0.017
18:05:55,34.244,0.414,0.017
18:05:55,34.244,0.454,0.017
18:05:55,34.244,0.454,0.017
18:05:55,34.244,0.464,0.017
18:05:56,34.244,0.434,0.017
18:05:56,34.244,0.474,0.017
18:05:56,34.244,0.404,0.017
18:05:56,34.244,0.444,0.017
18:05:56,34.244,0.454,0.017
18:05:56,34.244,0.414,0.017
18:05:56,34.244,0.474,0.017
18:05:56,34.244,0.454,0.017
18:05:56,34.244,0.414,0.017
18:05:56,34.244,0.484,0.017
18:05:57,34.244,0.454,0.017
18:05:57,34.244,0.434,0.017
18:05:57,34.244,0.484,0.017
18:05:57,34.244,0.424,0.017
18:05:57,34.244,0.424,0.017
18:05:57,34.244,0.464,0.017
18:05:57,34.244,0.414,0.017
18:05:57,34.244,0.474,0.017
18:05:57,34.244,0.464,0.017
18:05:58,34.244,0.414,0.017
18:05:58,34.244,0.424,0.017
18:05:58,34.244,0.444,0.017
18:05:58,33.825,0.464,0.017
18:05:58,34.006,0.484,0.017
18:05:58,34.108,0.424,0.017
18:05:58,34.168,0.464,0.017
18:05:58,34.201,0.414,0.017
18:05:58,34.22,0.474,0.017
18:05:58,34.23,0.454,0.017
18:05:59,34.236,0.434,0.017
18:05:59,34.24,0.414,0.017
18:05:59,34.242,0.484,0.017
18:05:59,34.243,0.444,0.017
18:05:59,34.243,0.484,0.017
18:05:59,34.244,0.444,0.017
18:05:59,34.244,0.434,0.017
18:05:59,34.244,0.444,0.017
18:05:59,34.244,0.493,0.017
18:05:59,34.244,0.424,0.017
18:06:00,34.244,0.454,0.017
18:06:00,34.244,0.474,0.017
18:06:00,34.244,0.474,0.017
18:06:00,34.244,0.444,0.017
18:06:00,34.244,0.474,0.017
18:06:00,34.244,0.424,0.017
18:06:00,34.244,0.434,0.017
18:06:00,34.244,0.444,0.017
18:06:00,34.244,0.474,0.017
18:06:00,34.244,0.454,0.017
18:06:01,34.244,0.444,0.017
18:06:01,34.244,0.474,0.017
18:06:01,34.244,0.404,0.017
18:06:01,34.244,0.444,0.017
18:06:01,34.244,0.444,0.017
18:06:01,34.244,0.464,0.017
18:06:01,34.244,0.434,0.017
18:06:01,34.244,0.444,0.017
18:06:01,34.244,0.474,0.017
18:06:02,34.244,0.424,0.017
18:06:02,34.244,0.444,0.017
18:06:02,33.825,0.484,0.017
18:06:02,34.005,0.454,0.017
18:06:02,34.111,0.464,0.017
18:06:02,34.169,0.414,0.017
18:06:02,34.202,0.414,0.017
18:06:02,34.22,0.434,0.017
18:06:02,34.231,0.474,0.017
18:06:02,34.236,0.424,0.017
18:06:03,34.24,0.444,0.017
18:06:03,34.242,0.474,0.017
18:06:03,33.936,0.484,0.017
18:06:03,34.067,0.464,0.017
18:06:03,34.145,0.464,0.017
18:06:03,33.887,0.464,0.017
18:06:03,34.04,0.414,0.017
18:06:03,34.13,0.474,0.017
18:06:03,34.18,0.454,0.017
18:06:03,34.208,0.424,0.017
18:06:04,34.224,0.484,0.017
18:06:04,33.834,0.454,0.017
18:06:04,34.014,0.464,0.017
18:06:04,34.113,0.414,0.017
18:06:04,34.17,0.464,0.017
18:06:04,33.901,0.464,0.017
18:06:04,34.052,0.424,0.017
18:06:04,34.135,0.424,0.017
18:06:04,33.876,0.454,0.017
18:06:05,34.037,0.474,0.017
18:06:05,34.126,0.454,0.017
18:06:05,33.759,0.434,0.017
18:06:05,33.967,0.464,0.017
18:06:05,33.779,0.484,0.017
18:06:05,33.983,0.424,0.017
18:06:05,33.697,0.414,0.017
18:06:05,33.932,0.464,0.017
18:06:05,34.065,0.474,0.017
18:06:05,33.835,0.484,0.017
18:06:06,34.014,0.444,0.017
18:06:06,34.116,0.454,0.017
18:06:06,34.171,0.404,0.017
18:06:06,33.9,0.424,0.017
18:06:06,34.048,0.444,0.017
18:06:06,34.134,0.434,0.017
18:06:06,34.182,0.493,0.017
18:06:06,34.21,0.424,0.017
18:06:06,34.225,0.444,0.017
18:06:06,33.921,0.464,0.017
18:06:07,33.342,0.493,0.017
18:06:07,33.729,0.474,0.017
18:06:07,33.234,0.474,0.017
18:06:07,33.677,0.434,0.017
18:06:07,33.928,0.493,0.017
18:06:07,33.665,0.474,0.017
18:06:07,33.607,0.454,0.017
18:06:07,33.886,0.493,0.017
18:06:07,33.619,0.424,0.017
18:06:07,33.887,0.464,0.017
18:06:08,33.742,0.424,0.017
18:06:08,33.964,0.474,0.017
18:06:08,34.084,0.444,0.017
18:06:08,33.846,0.474,0.017
18:06:08,34.021,0.493,0.017
18:06:08,34.117,0.464,0.017
18:06:08,34.173,0.484,0.017
18:06:08,33.785,0.414,0.017
18:06:08,33.678,0.444,0.017
18:06:09,33.927,0.464,0.017
18:06:09,33.641,0.464,0.017
18:06:09,33.487,0.434,0.017
18:06:09,33.812,0.474,0.017
18:06:09,33.584,0.424,0.017
18:06:09,33.867,0.454,0.017
18:06:09,33.725,0.484,0.017
18:06:09,33.953,0.424,0.017
18:06:09,33.779,0.474,0.017
18:06:09,33.984,0.464,0.017
18:06:10,34.098,0.434,0.017
18:06:10,34.163,0.484,0.017
18:06:10,34.198,0.434,0.017
18:06:10,34.218,0.464,0.017
18:06:10,34.229,0.484,0.017
18:06:10,33.535,0.493,0.017
18:06:10,33.848,0.444,0.017
18:06:10,34.022,0.424,0.017
18:06:10,34.117,0.464,0.017
18:06:10,34.173,0.394,0.017
18:06:11,34.204,0.444,0.017
18:06:11,34.222,0.464,0.017
18:06:11,34.232,0.424,0.017
18:06:11,34.237,0.434,0.017
18:06:11,34.24,0.454,0.017
18:06:11,34.242,0.444,0.017
18:06:11,34.243,0.484,0.017
18:06:11,34.243,0.414,0.017
18:06:11,34.244,0.444,0.017
18:06:12,33.942,0.484,0.017
18:06:12,33.349,0.424,0.017
18:06:12,33.028,0.424,0.017
18:06:12,33.139,0.454,0.017
18:06:12,33.322,0.493,0.017
18:06:12,33.006,0.434,0.017
18:06:12,33.246,0.464,0.017
18:06:12,33.382,0.493,0.017
18:06:12,33.763,0.424,0.017
18:06:12,33.253,0.484,0.017
18:06:13,32.971,0.474,0.017
18:06:13,33.212,0.474,0.017
18:06:13,32.951,0.434,0.017
18:06:13,33.104,0.513,0.017
18:06:13,32.889,0.484,0.017
18:06:13,33.164,0.474,0.017
18:06:13,32.917,0.503,0.017
18:06:13,33.181,0.513,0.017
18:06:13,33.232,0.503,0.017
18:06:13,33.676,0.454,0.017
18:06:14,33.218,0.474,0.017
18:06:14,33.658,0.493,0.017
18:06:14,33.908,0.484,0.017
18:06:14,33.752,0.503,0.017
18:06:14,33.962,0.444,0.017
18:06:14,33.684,0.454,0.017
18:06:14,33.924,0.464,0.017
18:06:14,33.646,0.493,0.017
18:06:14,33.502,0.493,0.017
18:06:14,33.83,0.434,0.017
18:06:15,34.007,0.454,0.017
18:06:15,34.109,0.464,0.017
18:06:15,34.166,0.484,0.017
18:06:15,34.199,0.484,0.017
18:06:15,34.219,0.474,0.017
18:06:15,34.229,0.424,0.017
18:06:15,34.236,0.444,0.017
18:06:15,33.939,0.464,0.017
18:06:15,33.369,0.424,0.017
18:06:16,33.753,0.493,0.017
18:06:16,33.565,0.474,0.017
18:06:16,33.154,0.464,0.017
18:06:16,33.636,0.484,0.017
18:06:16,33.593,0.503,0.017
18:06:16,33.472,0.464,0.017
18:06:16,33.398,0.444,0.017
18:06:16,33.769,0.464,0.017
18:06:16,33.573,0.474,0.017
18:06:16,33.861,0.493,0.017
18:06:17,33.324,0.493,0.017
18:06:17,33.412,0.484,0.017
18:06:17,33.358,0.464,0.017
18:06:17,33.026,0.474,0.017
18:06:17,32.843,0.434,0.017
18:06:17,32.737,0.503,0.017
18:06:17,32.678,0.484,0.017
18:06:17,32.644,0.484,0.017
18:06:17,33.326,0.493,0.017
18:06:17,33.015,0.503,0.017
18:06:18,33.135,0.434,0.017
18:06:18,33.311,0.454,0.017
18:06:18,33.31,0.474,0.017
18:06:18,32.999,0.484,0.017
18:06:18,32.828,0.444,0.017
18:06:18,32.728,0.503,0.017
18:06:18,32.976,0.484,0.017
18:06:18,32.81,0.484,0.017
18:06:18,32.721,0.503,0.017
18:06:18,32.669,0.513,0.017
18:06:19,32.639,0.444,0.017
18:06:19,33.048,0.474,0.017
18:06:19,32.857,0.464,0.017
18:06:19,32.748,0.493,0.017
18:06:19,32.685,0.434,0.017
18:06:19,32.648,0.503,0.017
18:06:19,32.627,0.464,0.017
18:06:19,33.322,0.493,0.017
18:06:19,33.316,0.503,0.017
18:06:19,33.009,0.513,0.017
18:06:20,33.132,0.444,0.017
18:06:20,33.318,0.474,0.017
18:06:20,33.409,0.464,0.017
18:06:20,33.366,0.474,0.017
18:06:20,33.74,0.434,0.017
18:06:20,33.65,0.434,0.017
18:06:20,33.504,0.454,0.017
18:06:20,33.515,0.484,0.017
18:06:20,33.835,0.484,0.017
18:06:20,33.707,0.434,0.017
18:06:21,33.532,0.424,0.017
18:06:21,33.437,0.434,0.017
18:06:21,33.372,0.454,0.017
18:06:21,33.747,0.474,0.017
18:06:21,33.959,0.474,0.017
18:06:21,34.081,0.424,0.017
18:06:21,33.849,0.434,0.017
18:06:21,33.715,0.454,0.017
18:06:21,33.537,0.474,0.017
18:06:22,33.126,0.484,0.017
18:06:22,33.301,0.424,0.017
18:06:22,33,0.434,0.017
18:06:22,33.244,0.464,0.017
18:06:22,33.373,0.464,0.017
18:06:22,33.744,0.484,0.017
18:06:22,33.257,0.434,0.017
18:06:22,32.975,0.434,0.017
18:06:22,32.811,0.474,0.017
18:06:22,33.021,0.484,0.017
18:06:23,33.239,0.503,0.017
18:06:23,33.269,0.513,0.017
18:06:23,33.688,0.503,0.017
18:06:23,33.528,0.454,0.017
18:06:23,33.531,0.474,0.017
18:06:23,33.135,0.484,0.017
18:06:23,33.32,0.513,0.017
18:06:23,33.306,0.434,0.017
18:06:23,33.302,0.464,0.017
18:06:23,33.413,0.493,0.017
18:06:24,33.064,0.503,0.017
18:06:24,33.169,0.513,0.017
18:06:24,32.927,0.503,0.017
18:06:24,32.783,0.464,0.017
18:06:24,32.705,0.484,0.017
18:06:24,33.366,0.503,0.017
18:06:24,33.449,0.444,0.017
18:06:24,33.39,0.434,0.017
18:06:24,33.449,0.454,0.017
18:06:24,33.39,0.474,0.017
18:06:25,33.041,0.484,0.017
18:06:25,33.155,0.444,0.017
18:06:25,32.912,0.503,0.017
18:06:25,33.194,0.464,0.017
18:06:25,33.243,0.484,0.017
18:06:25,33.274,0.503,0.017
18:06:25,33.281,0.434,0.017
18:06:25,33.704,0.454,0.017
18:06:25,33.523,0.464,0.017
18:06:25,33.84,0.484,0.017
18:06:26,34.013,0.434,0.017
18:06:26,33.393,0.454,0.017
18:06:26,33.469,0.454,0.017
18:06:26,33.809,0.454,0.017
18:06:26,33.596,0.444,0.017
18:06:26,33.156,0.513,0.017
18:06:26,32.912,0.444,0.017
18:06:26,32.779,0.474,0.017
18:06:26,33.003,0.484,0.017
18:06:27,33.547,0.513,0.017
18:06:27,33.548,0.444,0.017
18:06:27,33.854,0.464,0.017
18:06:27,33.623,0.464,0.017
18:06:27,33.174,0.503,0.017
18:06:27,32.928,0.513,0.017
18:06:27,32.784,0.444,0.017
18:06:27,32.704,0.474,0.017
18:06:27,32.66,0.484,0.017
18:06:27,32.634,0.513,0.017
18:06:28,32.62,0.503,0.017
18:06:28,33.03,0.454,0.017
18:06:28,33.548,0.484,0.017
18:06:28,33.847,0.493,0.017
18:06:28,33.618,0.484,0.017
18:06:28,33.486,0.503,0.017
18:06:28,33.095,0.444,0.017
18:06:28,33.186,0.474,0.017
18:06:28,32.935,0.493,0.017
18:06:28,32.788,0.434,0.017
18:06:29,32.706,0.503,0.017
18:06:29,32.661,0.484,0.017
18:06:29,32.634,0.484,0.017
18:06:29,32.62,0.503,0.017
18:06:29,33.031,0.434,0.017
18:06:29,33.149,0.444,0.017
18:06:29,33.619,0.464,0.017
18:06:29,33.185,0.484,0.017
18:06:29,33.653,0.484,0.017
18:06:29,33.905,0.434,0.017
18:06:30,33.748,0.434,0.017
18:06:30,33.961,0.444,0.017
18:06:30,33.381,0.464,0.017
18:06:30,33.749,0.484,0.017
18:06:30,33.962,0.503,0.017
18:06:30,33.78,0.503,0.017
18:06:30,33.676,0.493,0.017
18:06:30,33.92,0.434,0.017
18:06:30,33.756,0.444,0.017
18:06:30,33.964,0.464,0.017
18:06:31,33.379,0.424,0.017
18:06:31,33.037,0.493,0.017
18:06:31,32.85,0.484,0.017
18:06:31,33.16,0.474,0.017
18:06:31,33.223,0.493,0.017
18:06:31,32.948,0.434,0.017
18:06:31,33.102,0.444,0.017
18:06:31,33.187,0.454,0.017
18:06:31,33.349,0.464,0.017
18:06:32,33.03,0.484,0.017
18:06:32,32.846,0.434,0.017
18:06:32,33.459,0.503,0.017
18:06:32,33.496,0.484,0.017
18:06:32,33.115,0.464,0.017
18:06:32,32.896,0.474,0.017
18:06:32,32.768,0.444,0.017
18:06:32,32.697,0.474,0.017
18:06:32,32.656,0.523,0.017
18:06:32,33.038,0.563,0.017
18:06:33,33.552,0.583,0.017
18:06:33,33.854,0.632,0.017
18:06:33,34.026,0.613,0.017
18:06:33,34.497,0.563,0.017
18:06:33,34.388,0.583,0.017
18:06:33,34.684,0.603,0.017
18:06:33,34.853,0.613,0.017
18:06:33,35.224,0.623,0.017
18:06:33,35.434,0.632,0.017
18:06:33,35.554,0.632,0.017
18:06:34,35.623,0.613,0.017
18:06:34,35.663,0.613,0.017
18:06:34,35.685,0.623,0.017
18:06:34,35.699,0.632,0.017
18:06:34,35.706,0.563,0.017
18:06:34,35.71,0.583,0.017
18:06:34,35.713,0.603,0.017
18:06:34,35.714,0.613,0.017
18:06:34,35.715,0.623,0.017
18:06:34,35.715,0.553,0.017
18:06:35,35.97,0.573,0.017
18:06:35,35.861,0.593,0.017
18:06:35,35.797,0.613,0.017
18:06:35,35.762,0.642,0.017
18:06:35,35.742,0.632,0.017
18:06:35,35.73,0.583,0.017
18:06:35,35.724,0.603,0.017
18:06:35,35.72,0.623,0.017
18:06:35,35.718,0.632,0.017
18:06:35,35.972,0.573,0.017
18:06:36,36.456,0.593,0.017
18:06:36,36.131,0.583,0.017
18:06:36,36.544,0.593,0.017
18:06:36,36.531,0.603,0.017
18:06:36,36.774,0.573,0.017
18:06:36,36.913,0.553,0.017
18:06:36,36.993,0.573,0.017
18:06:36,37.039,0.603,0.017
18:06:36,37.065,0.523,0.017
18:06:36,37.08,0.543,0.017
18:06:37,37.089,0.563,0.017
18:06:37,37.093,0.583,0.017
18:06:37,37.096,0.593,0.017
18:06:37,37.098,0.523,0.017
18:06:37,37.099,0.533,0.017
18:06:37,37.099,0.563,0.017
18:06:37,37.1,0.573,0.017
18:06:37,37.1,0.533,0.017
18:06:37,37.1,0.603,0.017
18:06:38,37.1,0.593,0.017
18:06:38,37.1,0.553,0.017
18:06:38,37.1,0.583,0.017
18:06:38,37.1,0.593,0.017
18:06:38,37.1,0.593,0.017
18:06:38,37.1,0.593,0.017
18:06:38,37.1,0.583,0.017
18:06:38,37.1,0.553,0.017
18:06:38,37.1,0.573,0.017
18:06:38,37.1,0.583,0.017
18:06:39,37.1,0.523,0.017
18:06:39,37.1,0.533,0.017
18:06:39,37.1,0.553,0.017
18:06:39,37.1,0.573,0.017
18:06:39,37.1,0.583,0.017
18:06:39,37.1,0.593,0.017
18:06:39,37.1,0.603,0.017
18:06:39,37.1,0.543,0.017
18:06:39,37.1,0.553,0.017
18:06:39,37.1,0.573,0.017
18:06:40,37.1,0.583,0.017
18:06:40,37.1,0.523,0.017
18:06:40,37.1,0.533,0.017
18:06:40,37.1,0.543,0.017
18:06:40,37.1,0.563,0.017
18:06:40,37.1,0.583,0.017
18:06:40,37.1,0.593,0.017
18:06:40,37.1,0.593,0.017
18:06:40,37.1,0.533,0.017
18:06:40,37.1,0.563,0.017
18:06:41,37.1,0.573,0.017
18:06:41,37.1,0.573,0.017
18:06:41,37.1,0.533,0.017
18:06:41,37.1,0.533,0.017
18:06:41,37.1,0.543,0.017
18:06:41,37.1,0.553,0.017
18:06:41,37.1,0.573,0.017
18:06:41,37.1,0.583,0.017
18:06:41,37.1,0.593,0.017
18:06:41,37.1,0.533,0.017
18:06:42,37.1,0.543,0.017
18:06:42,37.1,0.563,0.017
18:06:42,37.1,0.583,0.017
18:06:42,37.1,0.593,0.017
18:06:42,37.1,0.523,0.017
18:06:42,37.1,0.533,0.017
18:06:42,37.1,0.563,0.017
18:06:42,37.1,0.583,0.017
18:06:42,37.1,0.593,0.017
18:06:42,37.1,0.523,0.017
18:06:43,37.1,0.533,0.017
18:06:43,37.1,0.553,0.017
18:06:43,37.1,0.573,0.017
18:06:43,37.1,0.593,0.017
18:06:43,37.1,0.523,0.017
18:06:43,37.1,0.583,0.017
18:06:43,37.1,0.573,0.017
18:06:43,37.1,0.563,0.017
18:06:43,37.1,0.583,0.017
18:06:43,37.1,0.533,0.017
18:06:44,37.1,0.533,0.017
18:06:44,37.1,0.553,0.017
18:06:44,37.1,0.573,0.017
18:06:44,37.1,0.523,0.017
18:06:44,37.1,0.513,0.017
18:06:44,37.1,0.523,0.017
18:06:44,37.1,0.553,0.017
18:06:44,37.1,0.573,0.017
18:06:44,37.1,0.593,0.017
18:06:45,37.1,0.523,0.017
18:06:45,37.1,0.533,0.017
18:06:45,37.1,0.553,0.017
18:06:45,37.1,0.563,0.017
18:06:45,37.1,0.583,0.017
18:06:45,37.1,0.523,0.017
18:06:45,37.1,0.533,0.017
18:06:45,37.1,0.573,0.017
18:06:45,37.1,0.563,0.017
18:06:45,37.1,0.573,0.017
18:06:46,37.1,0.523,0.017
18:06:46,37.1,0.533,0.017
18:06:46,37.1,0.563,0.017
18:06:46,37.1,0.573,0.017
18:06:46,37.1,0.593,0.017
18:06:46,37.1,0.523,0.017
18:06:46,37.1,0.533,0.017
18:06:46,37.1,0.563,0.017
18:06:46,37.1,0.573,0.017
18:06:46,37.1,0.593,0.017
18:06:47,37.1,0.533,0.017
18:06:47,37.1,0.533,0.017
18:06:47,37.1,0.553,0.017
18:06:47,37.1,0.573,0.017
18:06:47,37.1,0.583,0.017
18:06:47,37.1,0.523,0.017
18:06:47,37.1,0.523,0.017
18:06:47,37.1,0.563,0.017
18:06:47,37.1,0.583,0.017
18:06:47,37.1,0.593,0.017
18:06:48,36.846,0.593,0.017
18:06:48,36.958,0.533,0.017
18:06:48,37.02,0.553,0.017
18:06:48,37.054,0.573,0.017
18:06:48,37.075,0.593,0.017
18:06:48,37.086,0.533,0.017
18:06:48,37.092,0.553,0.017
18:06:48,37.095,0.583,0.017
18:06:48,37.097,0.593,0.017
18:06:48,37.099,0.523,0.017
18:06:49,37.099,0.573,0.017
18:06:49,37.1,0.583,0.017
18:06:49,37.1,0.523,0.017
18:06:49,37.1,0.593,0.017
18:06:49,37.1,0.553,0.017
18:06:49,37.1,0.583,0.017
18:06:49,37.1,0.533,0.017
18:06:49,37.1,0.603,0.017
18:06:49,37.1,0.553,0.017
18:06:50,37.1,0.563,0.017
18:06:50,36.841,0.593,0.017
18:06:50,36.955,0.523,0.017
18:06:50,37.017,0.543,0.017
18:06:50,37.054,0.573,0.017
18:06:50,37.074,0.593,0.017
18:06:50,37.085,0.523,0.017
18:06:50,36.833,0.533,0.017
18:06:50,36.951,0.573,0.017
18:06:50,37.016,0.593,0.017
18:06:51,36.717,0.593,0.017
18:06:51,36.885,0.553,0.017
18:06:51,36.979,0.563,0.017
18:06:51,37.033,0.593,0.017
18:06:51,37.062,0.533,0.017
18:06:51,37.079,0.563,0.017
18:06:51,37.088,0.583,0.017
18:06:51,37.093,0.593,0.017
18:06:51,37.096,0.523,0.017
18:06:52,37.098,0.563,0.017
18:06:52,37.099,0.583,0.017
18:06:52,37.099,0.543,0.017
18:06:52,37.1,0.593,0.017
18:06:52,37.1,0.553,0.017
18:06:52,37.1,0.573,0.017
18:06:52,37.1,0.593,0.017
18:06:52,37.1,0.603,0.017
18:06:52,37.1,0.543,0.017
18:06:52,37.1,0.553,0.017
18:06:53,37.1,0.593,0.017
18:06:53,37.1,0.523,0.017
18:06:53,37.1,0.593,0.017
18:06:53,37.1,0.563,0.017
18:06:53,37.1,0.583,0.017
18:06:53,37.1,0.533,0.017
18:06:53,37.1,0.593,0.017
18:06:53,37.1,0.553,0.017
18:06:53,36.747,0.563,0.017
18:06:53,36.903,0.593,0.017
18:06:54,36.989,0.583,0.017
18:06:54,37.037,0.553,0.017
18:06:54,37.064,0.563,0.017
18:06:54,37.08,0.593,0.017
18:06:54,37.089,0.533,0.017
18:06:54,36.839,0.543,0.017
18:06:54,36.955,0.583,0.017
18:06:54,37.018,0.513,0.017
18:06:54,37.053,0.523,0.017
18:06:55,37.074,0.553,0.017
18:06:55,37.085,0.583,0.017
18:06:55,37.092,0.593,0.017
18:06:55,37.095,0.583,0.017
18:06:55,37.097,0.563,0.017
18:06:55,37.098,0.573,0.017
18:06:55,37.099,0.523,0.017
18:06:55,36.747,0.593,0.017
18:06:55,36.902,0.563,0.017
18:06:55,36.652,0.583,0.017
18:06:56,36.843,0.593,0.017
18:06:56,36.598,0.533,0.017
18:06:56,36.465,0.553,0.017
18:06:56,36.489,0.593,0.017
18:06:56,36.148,0.523,0.017
18:06:56,36.557,0.553,0.017
18:06:56,36.454,0.573,0.017
18:06:56,36.738,0.593,0.017
18:06:56,36.898,0.583,0.017
18:06:56,36.379,0.553,0.017
18:06:57,36.342,0.563,0.017
18:06:57,36.67,0.523,0.017
18:06:57,36.506,0.583,0.017
18:06:57,36.761,0.563,0.017
18:06:57,36.91,0.583,0.017
18:06:57,36.993,0.513,0.017
18:06:57,36.782,0.573,0.017
18:06:57,36.921,0.563,0.017
18:06:57,36.742,0.573,0.017
18:06:58,36.899,0.593,0.017
18:06:58,36.985,0.563,0.017
18:06:58,36.44,0.553,0.017
18:06:58,36.475,0.583,0.017
18:06:58,36.751,0.513,0.017
18:06:58,36.904,0.563,0.017
18:06:58,36.991,0.563,0.017
18:06:58,37.039,0.593,0.017
18:06:58,36.471,0.513,0.017
18:06:58,36.482,0.543,0.017
18:06:59,36.491,0.573,0.017
18:06:59,36.76,0.583,0.017
18:06:59,36.556,0.593,0.017
18:06:59,36.79,0.573,0.017
18:06:59,36.923,0.553,0.017
18:06:59,36.663,0.583,0.017
18:06:59,36.592,0.583,0.017
18:06:59,36.815,0.543,0.017
18:06:59,36.582,0.563,0.017
18:06:59,36.456,0.583,0.017
18:07:00,36.733,0.583,0.017
18:07:00,36.89,0.543,0.017
18:07:00,36.982,0.573,0.017
18:07:00,36.774,0.583,0.017
18:07:00,36.31,0.523,0.017
18:07:00,36.055,0.553,0.017
18:07:00,35.905,0.583,0.017
18:07:00,36.429,0.603,0.017
18:07:00,36.717,0.603,0.017
18:07:01,36.885,0.553,0.017
18:07:01,36.98,0.583,0.017
18:07:01,37.032,0.523,0.017
18:07:01,36.807,0.543,0.017
18:07:01,36.933,0.563,0.017
18:07:01,37.006,0.583,0.017
18:07:01,37.047,0.593,0.017
18:07:01,37.071,0.543,0.017
18:07:01,37.083,0.573,0.017
18:07:01,36.839,0.593,0.017
18:07:02,36.95,0.583,0.017
18:07:02,37.014,0.563,0.017
18:07:02,37.051,0.573,0.017
18:07:02,36.482,0.583,0.017
18:07:02,36.755,0.593,0.017
18:07:02,36.553,0.533,0.017
18:07:02,36.539,0.563,0.017
18:07:02,36.434,0.583,0.017
18:07:02,36.726,0.523,0.017
18:07:02,36.891,0.573,0.017
18:07:03,36.98,0.553,0.017
18:07:03,36.674,0.583,0.017
18:07:03,36.861,0.513,0.017
18:07:03,36.613,0.573,0.017
18:07:03,36.828,0.563,0.017
18:07:03,36.693,0.583,0.017
18:07:03,36.869,0.513,0.017
18:07:03,36.378,0.533,0.017
18:07:03,36.085,0.563,0.017
18:07:03,35.923,0.593,0.017
18:07:04,35.834,0.603,0.017
18:07:04,35.782,0.573,0.017
18:07:04,35.753,0.603,0.017
18:07:04,35.737,0.543,0.017
18:07:04,36.064,0.563,0.017
18:07:04,36.264,0.603,0.017
18:07:04,36.634,0.613,0.017
18:07:04,36.838,0.543,0.017
18:07:04,36.688,0.573,0.017
18:07:05,36.528,0.573,0.017
18:07:05,36.779,0.593,0.017
18:07:05,36.568,0.553,0.017
18:07:05,36.796,0.583,0.017
18:07:05,36.931,0.533,0.017
18:07:05,37.005,0.553,0.017
18:07:05,37.046,0.593,0.017
18:07:05,37.069,0.523,0.017
18:07:05,37.083,0.543,0.017
18:07:05,36.832,0.583,0.017
18:07:06,36.947,0.593,0.017
18:07:06,36.671,0.563,0.017
18:07:06,36.859,0.573,0.017
18:07:06,36.711,0.523,0.017
18:07:06,36.879,0.533,0.017
18:07:06,36.973,0.553,0.017
18:07:06,36.769,0.583,0.017
18:07:06,36.652,0.593,0.017
18:07:06,36.496,0.533,0.017
18:07:06,36.151,0.553,0.017
18:07:07,36.568,0.593,0.017
18:07:07,36.796,0.603,0.017
18:07:07,36.675,0.543,0.017
18:07:07,36.504,0.553,0.017
18:07:07,36.413,0.593,0.017
18:07:07,36.708,0.593,0.017
18:07:07,36.541,0.593,0.017
18:07:07,36.779,0.553,0.017
18:07:07,36.92,0.583,0.017
18:07:08,36.741,0.523,0.017
18:07:08,36.898,0.503,0.017
18:07:08,36.988,0.553,0.017
18:07:08,36.429,0.583,0.017
18:07:08,36.459,0.593,0.017
18:07:08,36.74,0.533,0.017
18:07:08,36.899,0.553,0.017
18:07:08,36.987,0.583,0.017
18:07:08,37.037,0.513,0.017
18:07:08,36.453,0.573,0.017
18:07:09,36.737,0.573,0.017
18:07:09,36.558,0.583,0.017
18:07:09,36.454,0.593,0.017
18:07:09,36.13,0.553,0.017
18:07:09,36.286,0.583,0.017
18:07:09,36.043,0.593,0.017
18:07:09,36.497,0.593,0.017
18:07:09,36.162,0.563,0.017
18:07:09,36.226,0.573,0.017
18:07:09,36.612,0.603,0.017
18:07:10,36.572,0.553,0.017
18:07:10,36.463,0.573,0.017
18:07:10,36.478,0.593,0.017
18:07:10,36.407,0.593,0.017
18:07:10,36.11,0.583,0.017
18:07:10,35.941,0.563,0.017
18:07:10,36.181,0.603,0.017
18:07:10,35.975,0.603,0.017
18:07:10,35.861,0.573,0.017
18:07:10,35.799,0.603,0.017
18:07:11,35.763,0.613,0.017
18:07:11,35.743,0.623,0.017
18:07:11,35.731,0.613,0.017
18:07:11,35.725,0.603,0.017
18:07:11,35.721,0.632,0.017
18:07:11,36.072,0.623,0.017
18:07:11,36.269,0.583,0.017
18:07:11,36.636,0.573,0.017
18:07:11,36.487,0.613,0.017
18:07:12,36.758,0.543,0.017
18:07:12,36.904,0.573,0.017
18:07:12,36.652,0.593,0.017
18:07:12,36.594,0.603,0.017
18:07:12,36.816,0.553,0.017
18:07:12,36.589,0.553,0.017
18:07:12,36.808,0.523,0.017
18:07:12,36.681,0.543,0.017
18:07:12,36.269,0.573,0.017
18:07:12,36.033,0.623,0.017
18:07:13,36.505,0.692,0.017
18:07:13,36.759,0.702,0.017
18:07:13,36.904,0.712,0.017
18:07:13,36.991,0.692,0.017
18:07:13,37.037,0.702,0.017
18:07:13,37.064,0.722,0.017
18:07:13,37.079,0.742,0.017
18:07:13,37.088,0.742,0.017
18:07:13,37.093,0.672,0.017
18:07:13,37.096,0.692,0.017
18:07:14,37.098,0.702,0.017
18:07:14,37.693,0.712,0.017
18:07:14,38.03,0.722,0.017
18:07:14,38.224,0.722,0.017
18:07:14,38.336,0.722,0.017
18:07:14,38.4,0.692,0.017
18:07:14,38.436,0.702,0.017
18:07:14,38.457,0.732,0.017
18:07:14,38.469,0.722,0.017
18:07:14,38.476,0.722,0.017
18:07:15,38.479,0.712,0.017
18:07:15,38.481,0.702,0.017
18:07:15,38.483,0.722,0.017
18:07:15,38.483,0.712,0.017
18:07:15,38.484,0.722,0.017
18:07:15,38.484,0.662,0.017
18:07:15,38.484,0.702,0.017
18:07:15,38.484,0.702,0.017
18:07:15,38.484,0.722,0.017
18:07:15,38.484,0.732,0.017
18:07:16,38.484,0.732,0.017
18:07:16,38.484,0.662,0.017
18:07:16,38.484,0.682,0.017
18:07:16,38.484,0.712,0.017
18:07:16,38.484,0.712,0.017
18:07:16,38.484,0.712,0.017
18:07:16,38.484,0.722,0.017
18:07:16,38.484,0.722,0.017
18:07:16,38.484,0.672,0.017
18:07:16,38.484,0.702,0.017
18:07:17,38.484,0.702,0.017
18:07:17,38.484,0.712,0.017
18:07:17,38.484,0.722,0.017
18:07:17,38.484,0.652,0.017
18:07:17,38.484,0.712,0.017
18:07:17,38.484,0.702,0.017
18:07:17,38.484,0.702,0.017
18:07:17,38.484,0.712,0.017
18:07:17,38.484,0.732,0.017
18:07:18,38.484,0.732,0.017
18:07:18,38.484,0.662,0.017
18:07:18,38.484,0.712,0.017
18:07:18,38.743,0.702,0.017
18:07:18,38.629,0.702,0.017
18:07:18,38.566,0.732,0.017
18:07:18,38.53,0.722,0.017
18:07:18,38.51,0.672,0.017
18:07:18,38.499,0.692,0.017
18:07:18,38.493,0.712,0.017
18:07:19,38.489,0.722,0.017
18:07:19,38.487,0.722,0.017
18:07:19,38.74,0.712,0.017
18:07:19,38.631,0.702,0.017
18:07:19,38.568,0.712,0.017
18:07:19,38.532,0.732,0.017
18:07:19,38.512,0.732,0.017
18:07:19,38.5,0.662,0.017
18:07:19,38.493,0.672,0.017
18:07:19,38.489,0.692,0.017
18:07:20,38.487,0.702,0.017
18:07:20,38.486,0.712,0.017
18:07:20,38.485,0.722,0.017
18:07:20,38.485,0.722,0.017
18:07:20,38.484,0.692,0.017
18:07:20,38.484,0.702,0.017
18:07:20,38.484,0.712,0.017
18:07:20,38.484,0.722,0.017
18:07:20,38.484,0.722,0.017
18:07:20,38.82,0.712,0.017
18:07:21,38.929,0.692,0.017
18:07:21,38.739,0.712,0.017
18:07:21,38.885,0.722,0.017
18:07:21,38.966,0.642,0.017
18:07:21,38.754,0.712,0.017
18:07:21,38.893,0.682,0.017
18:07:21,39.053,0.702,0.017
18:07:21,38.811,0.722,0.017
18:07:21,38.919,0.712,0.017
18:07:21,38.734,0.702,0.017
18:07:22,38.627,0.692,0.017
18:07:22,38.566,0.712,0.017
18:07:22,38.531,0.732,0.017
18:07:22,38.847,0.732,0.017
18:07:22,39.285,0.652,0.017
18:07:22,39.198,0.662,0.017
18:07:22,39.23,0.682,0.017
18:07:22,39.168,0.692,0.017
18:07:22,39.122,0.712,0.017
18:07:22,39.44,0.632,0.017
18:07:23,39.288,0.642,0.017
18:07:23,39.543,0.662,0.017
18:07:23,39.683,0.682,0.017
18:07:23,39.426,0.702,0.017
18:07:23,39.279,0.623,0.017
18:07:23,39.281,0.692,0.017
18:07:23,39.531,0.662,0.017
18:07:23,39.421,0.692,0.017
18:07:23,39.613,0.702,0.017
18:07:23,39.722,0.623,0.017
18:07:24,39.785,0.623,0.017
18:07:24,39.485,0.642,0.017
18:07:24,39.648,0.662,0.017
18:07:24,39.407,0.672,0.017
18:07:24,39.609,0.623,0.017
18:07:24,39.13,0.623,0.017
18:07:24,39.456,0.672,0.017
18:07:24,39.632,0.662,0.017
18:07:24,39.733,0.672,0.017
18:07:25,39.793,0.682,0.017
18:07:25,39.825,0.682,0.017
18:07:25,39.844,0.662,0.017
18:07:25,39.854,0.652,0.017
18:07:25,39.86,0.672,0.017
18:07:25,39.864,0.682,0.017
18:07:25,39.513,0.682,0.017
18:07:25,39.324,0.672,0.017
18:07:25,39.21,0.662,0.017
18:07:25,39.146,0.682,0.017
18:07:26,39.112,0.682,0.017
18:07:26,39.099,0.682,0.017
18:07:26,38.835,0.672,0.017
18:07:26,39.288,0.672,0.017
18:07:26,39.545,0.692,0.017
18:07:26,39.428,0.623,0.017
18:07:26,39.616,0.632,0.017
18:07:26,39.383,0.652,0.017
18:07:26,39.596,0.672,0.017
18:07:26,39.376,0.692,0.017
18:07:27,39.241,0.692,0.017
18:07:27,39.516,0.642,0.017
18:07:27,39.415,0.662,0.017
18:07:27,39.354,0.672,0.027
18:07:27,39.573,0.682,0.017
18:07:27,39.7,0.682,0.017
18:07:27,39.436,0.682,0.017
18:07:27,39.366,0.672,0.017
18:07:27,39.582,0.672,0.017
18:07:27,39.354,0.682,0.027
18:07:28,39.575,0.682,0.027
18:07:28,39.364,0.692,0.017
18:07:28,39.233,0.652,0.017
18:07:28,39.514,0.682,0.017
18:07:28,39.329,0.692,0.017
18:07:28,39.314,0.692,0.017
18:07:28,39.551,0.682,0.017
18:07:28,39.686,0.662,0.017
18:07:28,39.764,0.672,0.017
18:07:28,39.473,0.682,0.017
18:07:29,39.051,0.692,0.017
18:07:29,39.412,0.692,0.017
18:07:29,39.271,0.662,0.017
18:07:29,39.535,0.672,0.017
18:07:29,39.087,0.682,0.017
18:07:29,39.43,0.623,0.017
18:07:29,39.624,0.682,0.017
18:07:29,39.728,0.652,0.017
18:07:29,39.447,0.672,0.017
18:07:30,39.632,0.682,0.017
18:07:30,39.478,0.682,0.017
18:07:30,39.31,0.672,0.017
18:07:30,39.301,0.662,0.017
18:07:30,39.543,0.672,0.017
18:07:30,39.682,0.682,0.017
18:07:30,39.426,0.682,0.027
18:07:30,39.022,0.682,0.027
18:07:30,38.786,0.662,0.017
18:07:30,38.657,0.682,0.017
18:07:31,38.583,0.692,0.027
18:07:31,38.877,0.702,0.017
18:07:31,38.709,0.702,0.027
18:07:31,38.871,0.682,0.017
18:07:31,39.054,0.682,0.027
18:07:31,39.151,0.692,0.017
18:07:31,38.867,0.702,0.017
18:07:31,39.294,0.702,0.017
18:07:31,39.288,0.692,0.017
18:07:31,39.281,0.682,0.017
18:07:32,38.941,0.692,0.017
18:07:32,38.745,0.712,0.017
18:07:32,38.888,0.632,0.017
18:07:32,38.716,0.642,0.017
18:07:32,38.614,0.692,0.027
18:07:32,38.894,0.712,0.017
18:07:32,39.312,0.712,0.027
18:07:32,38.959,0.712,0.017
18:07:32,38.757,0.642,0.017
18:07:32,38.64,0.662,0.027
18:07:33,38.573,0.682,0.027
18:07:33,38.535,0.692,0.017
18:07:33,38.513,0.702,0.017
18:07:33,38.837,0.712,0.017
18:07:33,38.686,0.712,0.027
18:07:33,38.6,0.702,0.017
18:07:33,38.55,0.692,0.027
18:07:33,38.522,0.712,0.027
18:07:33,38.506,0.722,0.017
18:07:33,38.497,0.652,0.017
18:07:34,38.827,0.662,0.027
18:07:34,38.68,0.672,0.027
18:07:34,38.596,0.692,0.027
18:07:34,38.803,0.702,0.027
18:07:34,38.666,0.702,0.017
18:07:34,38.589,0.712,0.017
18:07:34,38.544,0.712,0.017
18:07:34,38.518,0.712,0.017
18:07:34,38.504,0.712,0.017
18:07:34,38.495,0.732,0.017
18:07:35,38.491,0.732,0.017
18:07:35,38.488,0.652,0.017
18:07:35,38.486,0.672,0.017
